Cycle,avg_soh
1,100
2,99.41583684
3,97.69509735
4,97.62356247
5,98.01817913
6,98.14941776
7,97.30520643
8,97.92582556
9,96.36009041
10,95.75502453
11,96.31164206
12,96.37875183
13,94.93746519
14,94.80698941
15,96.37832308
16,95.30786451
17,95.56328496
18,95.13592949
19,97.01138033
20,96.61906275
21,93.9018364
22,94.76334982
23,95.932409
24,95.66775588
25,94.99420159
26,93.73388982
27,94.11052976
28,94.23809712
29,94.84464377
30,96.35667963
31,93.84649987
32,93.38476158
33,94.15907686
34,95.30206589
35,92.66688124
36,95.71310802
37,93.86970589
38,93.16704852
39,92.30213161
40,94.43526469
41,93.73639727
42,93.79103281
43,92.52500393
44,93.29092775
45,93.08778443
46,93.30329926
47,92.69046964
48,91.93482469
49,96.09282313
50,91.96838849
51,93.56538117
52,91.46099825
53,91.26146115
54,93.20380297
55,93.22127709
56,94.24001967
57,93.17469577
58,92.78146658
59,91.8267656
60,94.33290139
61,93.58164274
62,91.39937748
63,92.75387178
64,92.65731256
65,92.15257085
66,93.16442394
67,93.25738269
68,91.92091997
69,92.11798473
70,93.79505349
71,93.26781528
72,92.28797659
73,90.60454035
74,92.33344462
75,92.62594448
76,89.33064831
77,92.2197943
78,91.45509748
79,91.61053864
80,90.75273366
81,91.56858423
82,93.2989245
83,91.07372218
84,92.35181061
85,90.83993701
86,92.37936293
87,91.43940577
88,91.69680011
89,91.28219996
90,91.83008983
91,88.72057073
92,89.95408232
93,91.80536469
94,89.13760602
95,90.63066865
96,90.87847019
97,90.331784
98,90.22036454
99,91.17601868
100,91.77494957
101,89.61194964
102,90.34801882
103,90.09902116
104,88.22901892
105,90.8244841
106,91.39980274
107,91.50057701
108,89.79746659
109,89.24181575
110,90.43399698
111,91.2240977
112,90.43875827
113,90.54173642
114,91.3427765
115,89.35499115
116,89.99712274
117,91.84216895
118,89.94685943
119,88.70430642
120,89.40331724
121,89.0096213
122,90.39616321
123,88.9957399
124,90.09571045
125,89.17790046
126,87.73855606
127,90.24847111
128,89.81394088
129,90.13747099
130,88.71054654
131,88.87120113
132,89.96087766
133,91.10320761
134,89.42506774
135,89.88861357
136,89.08231854
137,87.72767028
138,90.34313551
139,90.32835031
140,89.96368431
141,88.97544751
142,89.95341144
143,89.99375344
144,90.85630601
145,89.92160611
146,89.27883517
147,87.78754825
148,89.08804917
149,88.96808324
150,89.60632467
151,90.20764676
152,88.57013467
153,90.96352633
154,87.22019215
155,89.03040989
156,87.88509015
157,86.73544922
158,88.31091124
159,87.11189412
160,88.45728174
161,88.56580017
162,89.4415189
163,86.76199553
164,89.29608903
165,88.23659536
166,89.46838202
167,87.87576343
168,86.89814454
169,86.87069566
170,86.82993545
171,88.55844868
172,89.45054557
173,87.58559162
174,88.39302514
175,86.34068552
176,87.89639653
177,88.44655162
178,86.35033176
179,87.54531998
180,88.33777646
181,84.77430041
182,88.83180783
183,87.92759864
184,88.2148018
185,87.073024
186,85.67471604
187,88.1019223
188,87.23971157
189,87.44700616
190,88.63191607
191,88.10126457
192,89.23084193
193,87.25935361
194,86.63931266
195,87.05671867
196,87.68502146
197,88.23485347
198,85.90791004
199,87.25232515
200,88.51747283
201,86.69536605
202,87.74348388
203,87.48657258
204,87.81273567
205,86.04453084
206,86.09434998
207,86.58886424
208,85.04927505
209,86.38490576
210,86.87288493
211,88.30130379
212,87.12125011
213,87.13719678
214,87.78900814
215,85.66304277
216,86.32365389
217,88.60256052
218,86.21553817
219,87.49761862
220,87.12225626
221,84.56014174
222,86.35825247
223,86.33442945
224,86.49586091
225,85.30435311
226,84.94836521
227,85.50421791
228,85.84905646
229,87.04148807
230,87.73643713
231,87.20143723
232,86.64909055
233,84.59168555
234,85.46449092
235,85.77448066
236,85.07928992
237,86.29390736
238,86.40925437
239,86.21362734
240,86.59972387
241,84.5601668
242,86.41845772
243,84.78341466
244,84.22772473
245,85.7180417
246,86.45465014
247,85.74789282
248,85.27534298
249,85.46650759
250,85.38495665
251,84.08563657
252,84.0857866
253,85.05500815
254,85.03136343
255,85.04456385
256,85.57296585
257,84.85539341
258,85.63955242
259,84.77982514
260,86.50117726
261,84.77469916
262,87.23609688
263,84.97949478
264,84.46894834
265,83.86759791
266,83.08965107
267,83.548277
268,83.91243888
269,84.83630169
270,83.83078024
271,84.75033509
272,85.61212836
273,84.21564526
274,86.34642938
275,83.24636892
276,84.14246239
277,83.73515884
278,85.06898363
279,81.96546688
280,82.8185123
281,83.90948921
282,85.93069342
283,84.20549742
284,82.82421471
285,82.86042724
286,85.7229986
287,83.44456288
288,82.772972
289,85.32204494
290,84.79132217
291,85.07809392
292,82.76533755
293,82.1293402
294,83.96075694
295,83.91820676
296,84.0809035
297,85.20904544
298,81.8475247
299,84.15989037
300,82.32719672
301,84.34111824
302,82.91202569
303,82.53363106
304,82.52939337
305,81.81768397
306,83.28799605
307,82.28620099
308,84.01214437
309,83.75916894
310,84.80424626
311,83.45856271
312,83.6501023
313,84.35240228
314,82.36820236
315,81.4423471
316,83.10359987
317,81.38358251
318,85.49505211
319,84.1481567
320,84.97645941
321,82.7233035
322,83.61197373
323,81.99492948
324,83.47721913
325,81.26143791
326,80.20241376
327,81.71383194
328,81.15228374
329,84.03084508
330,84.01626985
331,80.97701218
332,83.6273148
333,83.22353198
334,80.72359425
335,81.92612785
336,81.64351445
337,82.72518896
338,80.92123369
339,81.99404314
340,81.3763699
341,82.4475335
342,81.7474309
343,81.45372232
344,81.81945283
345,83.87514897
346,81.60979737
347,80.84465484
348,82.43434089
349,81.65294827
350,80.35704457
351,83.93011569
352,81.26799314
353,81.05570734
354,81.78636965
355,83.29285924
356,79.72126424
357,81.62345977
358,83.68493525
359,81.51107065
360,80.136973
361,80.76776653
362,81.42525536
363,82.64621226
364,80.95224714
365,82.06904452
366,79.74062306
367,79.9115845
368,80.77033573
369,82.39804418
370,81.1938306
371,81.45767371
372,81.5364494
373,82.10220969
374,80.51726473
375,81.39680012
376,79.96138677
377,82.90734271
378,79.82698872
379,79.79890494
380,81.36534098
381,81.12235994
382,80.82204037
383,81.09696582
384,79.62562464
385,82.03105742
386,81.22170754
387,81.70928595
388,79.92803997
389,80.78763929
390,80.48909868
391,81.37462233
392,81.50327144
393,80.46296709
394,78.81291528
395,82.03767858
396,80.87804168
397,79.73487195
398,80.54869158
399,78.68250712
400,81.31231749
401,78.50140642
402,79.7109064
403,80.12406805
404,81.19409435
405,80.15778676
406,80.42404242
407,79.93939993
408,79.8649202
409,79.87029569
410,79.67731417
411,77.98836217
412,78.99625756
413,80.02498417
414,79.35945311
415,79.65480517
416,79.26330312
417,78.63914971
418,78.92818277
419,79.18008663
420,79.3342913
421,79.84481275
422,79.17154747
423,78.21320433
424,77.8954631
425,81.89293202
426,78.03788196
427,78.68154488
428,79.75621645
429,79.69633495
430,79.50975057
431,78.73227932
432,79.35257515
433,79.19951264
434,78.54848672
435,79.27778694
436,79.7840493
437,78.9377407
438,78.85607141
439,79.93600631
440,79.5267697
441,80.36322341
442,76.9047821
443,79.54111354
444,79.16148261
445,77.76689791
446,78.77073248
447,79.59939152
448,77.67898699
449,78.88158786
450,79.0964623
451,77.33704047
452,78.31810539
453,78.68750602
454,77.29044843
455,77.42419305
456,77.87417674
457,78.89938276
458,78.87853206
459,77.24515585
460,78.5399532
461,77.33782192
462,76.49405258
463,77.66084921
464,79.26661373
465,78.66404467
466,78.0387228
467,77.48112862
468,77.54664397
469,77.89170784
470,76.91594352
471,77.35321167
472,77.36768498
473,76.48891881
474,76.82293246
475,77.95445716
476,77.74659362
477,77.09340852
478,76.57624177
479,79.1034923
480,76.68445362
481,77.68318502
482,76.90564308
483,77.30500754
484,77.91512494
485,75.87833512
486,77.42483034
487,78.36528914
488,78.98119693
489,77.12991617
490,77.081861
491,79.206118
492,78.17087115
493,76.4913638
494,76.356362
495,77.76923519
496,75.85344829
497,77.76591034
498,77.20854699
499,77.29221584
500,76.59187083
501,76.09527142
502,78.24316615
503,76.44417753
504,76.08580992
505,76.68373168
506,76.85398498
507,75.64971391
508,75.87618004
509,75.97173249
510,77.51966267
511,75.45845677
512,74.43214177
513,74.41142393
514,74.76836893
515,77.67463135
516,76.31238021
517,76.67766423
518,76.76620869
519,76.15465445
520,76.08308814
521,77.15891637
522,76.09865659
523,77.41581755
524,76.70318274
525,75.2693287
526,75.61548751
527,75.13967089
528,77.17266075
529,75.28060964
530,74.9005203
531,76.14095279
532,75.61982014
533,75.83858903
534,77.56146343
535,76.51512903
536,75.84324354
537,74.34722292
538,75.01927248
539,76.27406827
540,74.29133584
541,77.62493928
542,75.36583314
543,75.4401999
544,74.63525396
545,75.79652065
546,74.32944395
547,77.53826693
548,76.60177337
549,76.26898635
550,73.76225516
551,75.16271754
552,76.23406171
553,75.6701248
554,73.85385869
555,74.38696634
556,74.62515092
557,74.45826661
558,76.45578099
559,72.94569103
560,75.55508434
561,73.47212997
562,73.8455208
563,72.70073364
564,73.98616163
565,76.12726379
566,75.07247454
567,73.7516211
568,75.5758047
569,75.96122222
570,74.72205805
571,76.62446511
572,75.47291546
573,75.04910361
574,73.56503796
575,75.07890306
576,74.78228322
577,74.80334142
578,73.61008078
579,74.45157157
580,73.35514327
581,72.01442156
582,75.0776858
583,72.65534145
584,74.33885869
585,74.23880816
586,74.37462912
587,73.63317887
588,74.32243197
589,74.48045372
590,74.67066006
591,75.62893164
592,73.87418113
593,73.95432583
594,72.94513648
595,73.96334039
596,74.34799564
597,73.50159169
598,73.99546784
599,73.38821184
600,74.12057421
601,74.40417878
602,74.48271405
603,73.33863721
604,72.42916923
605,72.69630817
606,74.00207244
607,75.61643685
608,72.82955198
609,73.69567389
610,72.74644263
611,72.20711492
612,72.61761022
613,70.91622312
614,74.39710959
615,70.81856072
616,72.73802008
617,72.02672373
618,72.20600422
619,74.16854394
620,73.1390667
621,72.07872883
622,72.28186634
623,71.90207122
624,72.69190643
625,72.86384838
626,74.76595349
627,70.90937273
628,72.41982589
629,72.2734099
630,73.55503793
631,72.78101414
632,73.12608547
633,72.78919457
634,71.3344665
635,73.69243165
636,73.12322972
637,73.31753779
638,73.63463996
639,72.59722715
640,73.76329482
641,72.6128074
642,71.80907469
643,72.21471591
644,72.19969532
645,71.64140768
646,73.83451516
647,72.12656174
648,72.17445389
649,72.42059864
650,74.98889206
651,70.77232814
652,70.93569407
653,70.36222219
654,71.6775819
655,72.1094015
656,71.24670854
657,71.26904109
658,71.6660463
659,71.08393646
660,71.83875968
661,72.61010003
662,72.07194306
663,72.3991235
664,72.68529063
665,71.69723307
666,71.39377448
667,70.7600601
668,70.95884127
669,70.70540318
670,72.02438931
671,71.54385627
672,71.82059422
673,70.08829677
674,72.28665019
675,70.72790547
676,70.19998483
677,70.5613706
678,73.49626218
679,70.57028517
680,70.66698028
681,70.84193696
682,70.8900623
683,70.12994082
684,71.1334484
685,71.94630641
686,71.00883032
687,69.56010285
688,70.35405215
689,70.24534107
690,70.71940393
691,71.88149195
692,70.50501917
693,70.44362895
694,72.27586549
695,71.45651293
696,70.95711783
697,72.44101482
698,70.84534155
699,68.49404251
700,71.27779083
701,68.62848699
702,70.77194065
703,68.39401846
704,69.73879164
705,69.88112649
706,69.32791339
707,69.99125048
708,71.26860482
709,69.47638373
710,70.48041518
711,69.06757331
712,69.5428301
713,70.28252235
714,68.90074408
715,68.42424315
716,70.07123984
717,70.76764513
718,69.63854724
719,69.17728694
720,69.74388611
721,69.68200627
722,70.01793311
723,67.2000782
724,68.52092681
725,68.78127001
726,69.69943441
727,69.53672772
728,70.01123421
729,69.70207359
730,67.96614722
731,70.9868441
732,70.56993974
733,68.1306141
734,69.80882973
735,68.62966343
736,69.3687208
737,70.05693357
738,71.27822806
739,69.92028082
740,69.12531626
741,68.56585286
742,69.07406063
743,70.42125648
744,69.00940674
745,68.05885637
746,67.15043184
747,69.19886711
748,68.94499067
749,68.25493749
750,69.91844593
751,68.34721626
752,68.70777763
753,68.66368118
754,68.36726584
755,68.88011562
756,69.87046383
757,67.29239727
758,69.04053472
759,68.79088784
760,68.84236804
761,69.28365642
762,68.31855711
763,68.6558796
764,69.02030452
765,67.85962361
766,68.53935536
767,68.12731465
768,68.08249449
769,67.77277753
770,68.46369039
771,68.25251791
772,68.41522325
773,68.06655721
774,66.46842122
775,67.9759019
776,68.02923059
777,68.06247682
778,67.34315006
779,66.45035114
780,68.4219007
781,67.54298855
782,67.92917075
783,67.73497056
784,67.53524516
785,67.060696
786,66.73111026
787,68.02468626
788,66.97353833
789,67.86202151
790,67.95688766
791,66.78596661
792,66.2887953
793,69.77187689
794,66.98002347
795,67.86799802
796,69.18147123
797,68.29748488
798,66.75343141
799,67.27950384
800,66.38069749
801,68.04238542
802,67.62273684
803,66.68069756
804,65.98294803
805,65.67499294
806,67.97363855
807,67.04580056
808,67.11769045
809,66.17206657
810,65.43354794
811,67.9099351
812,67.20179477
813,67.58376348
814,66.21136505
815,66.69130494
816,67.50972422
817,67.26727432
818,67.19381493
819,66.23242613
820,67.21462197
821,67.60012015
822,66.22674831
823,66.0161818
824,67.77457426
825,65.77666724
826,67.06645992
827,66.29706171
828,64.27135526
829,67.34819538
830,63.5457223
831,64.3105992
832,66.83589923
833,66.53553201
834,65.47144284
835,66.2800288
836,63.16588284
837,66.75011545
838,66.31209174
839,65.99438304
840,65.868658
841,66.41034966
842,65.98412535
843,63.92199458
844,68.06756535
845,66.76924671
846,64.33553407
847,65.41160276
848,65.24786716
849,66.75659138
850,63.35437876
851,65.08644684
852,63.9250173
853,65.27332967
854,64.88821079
855,65.49853935
856,64.83734621
857,64.65452286
858,65.99246283
859,65.62465877
860,66.01095262
861,65.12077025
862,64.50220739
863,65.05711087
864,65.68240041
865,62.98935733
866,65.3952315
867,65.42211934
868,65.05924364
869,64.78219579
870,62.20010221
871,64.49640095
872,66.66027714
873,64.906282
874,64.59249774
875,64.72132129
876,65.13685424
877,65.32331622
878,64.41016828
879,65.22894883
880,66.20865498
881,65.56073499
882,67.01769765
883,64.08957966
884,66.24394113
885,63.58976528
886,64.82267906
887,65.27888071
888,64.01340932
889,64.39942733
890,65.24357889
891,63.68173651
892,65.91396166
893,62.88460671
894,66.21109479
895,65.04947571
896,64.10905868
897,63.63413583
898,63.48888961
899,63.86865032
900,63.97470996
901,65.18143297
902,65.92578827
903,64.22378451
904,62.95741387
905,63.50365829
906,63.56699051
907,62.84333866
908,62.53162043
909,65.73651646
910,64.07755381
911,62.73075847
912,64.46176591
913,62.39165081
914,62.63807276
915,62.75081847
916,64.91040164
917,63.3850998
918,61.03984205
919,64.61076376
920,63.03681826
921,61.49188807
922,62.95557851
923,63.70915013
924,63.51754152
925,64.94113536
926,62.44466112
927,63.1264826
928,62.308855
929,61.59669295
930,64.05727349
931,63.41731974
932,63.3115332
933,63.55692732
934,62.24044375
935,61.94605444
936,62.95543093
937,64.04478902
938,64.47054202
939,63.45602166
940,62.78330917
941,62.8935461
942,62.66855185
943,61.61726721
944,62.62674079
945,61.34388888
946,62.34891896
947,64.24971936
948,63.27977111
949,61.51108883
950,62.18603333
951,61.66098879
952,62.36751297
953,63.39450534
954,63.00088095
955,64.74435507
956,63.58311363
957,62.6145607
958,63.00830492
959,61.83172253
960,60.83170919
961,63.46053762
962,63.07375437
963,61.78759023
964,62.1277057
965,63.2814525
966,62.75766897
967,60.36146323
968,62.13748585
969,61.70680599
970,62.85127126
971,63.08135703
972,63.01229732
973,60.7114674
974,61.17381398
975,62.73300958
976,60.94128052
977,60.06391088
978,62.0841629
979,60.82293228
980,63.1048392
981,61.66244738
982,61.5403808
983,61.10324352
984,63.11958744
985,61.73165387
986,61.01445967
987,60.27902263
988,61.14670564
989,60.28633534
990,62.24476287
991,59.30113978
992,60.81617963
993,61.71924189
994,61.38223624
995,60.35323778
996,61.81428764
997,60.11781738
998,60.86820413
999,61.60147847
1000,61.46624733
1001,60.35516974
1002,62.07459277
1003,61.06741148
1004,61.45699127
1005,62.24224239
1006,61.94842533
1007,61.82911797
1008,60.88632061
1009,61.42921642
1010,60.71451641
1011,59.56925088
1012,60.79906278
1013,60.79451026
1014,60.99704115
1015,60.28227942
1016,59.65231025
1017,61.11538803
1018,59.0666877
1019,61.61736078
1020,59.98183712
1021,60.21939302
1022,60.83421382
1023,60.87978608
1024,58.81950228
1025,61.11438076
1026,60.52435524
1027,59.35476794
1028,59.18251754
1029,59.73794406
1030,58.48457459
1031,61.65363703
1032,61.38820185
1033,60.08705538
1034,59.57680295
1035,59.66108094
1036,60.54730584
1037,61.73804048
1038,59.24061493
1039,58.62373662
1040,61.22715606
1041,57.82937934
1042,58.52968908
1043,59.35564609
1044,57.97547957
1045,60.53464332
1046,60.28792496
1047,58.96349185
1048,60.56666021
1049,60.74100646
1050,59.18519107
1051,58.70416475
1052,61.52535861
1053,59.81190181
1054,59.38482318
1055,60.5618847
1056,59.33053261
1057,58.72807289
1058,59.1968075
1059,60.0570906
1060,57.0038588
1061,58.69195375
1062,60.56237128
1063,58.45825036
1064,60.44967444
1065,60.26308235
1066,58.83766624
1067,58.05908597
1068,58.59917197
1069,61.31038697
1070,60.56361887
1071,58.90127929
1072,57.80664099
1073,58.77862506
1074,58.74376059
1075,57.1600519
1076,58.59749265
1077,59.60995689
1078,56.7207239
1079,59.14555009
1080,59.75232606
1081,57.83083276
1082,60.00136027
1083,57.52380389
1084,58.93478665
1085,57.82950322
1086,58.08449154
1087,57.39969276
1088,58.66494348
1089,59.09168648
1090,57.99580247
1091,56.73876031
1092,58.39550316
1093,58.48514899
1094,57.62490402
1095,59.58637945
1096,56.15485416
1097,55.71872477
1098,57.11333701
1099,58.64904972
1100,56.78410152
1101,56.70930137
1102,58.5162106
1103,58.2079884
1104,58.01826854
1105,58.4434584
1106,57.0527279
1107,57.27026002
1108,58.25444646
1109,56.14495802
1110,55.26098344
1111,56.86309136
1112,58.34497703
1113,57.60092477
1114,58.24782151
1115,55.25492858
1116,57.5781657
1117,57.88387285
1118,55.72610171
1119,57.91844511
1120,57.10496223
1121,60.17468488
1122,54.89844299
1123,58.29922647
1124,56.52908901
1125,55.3924761
1126,56.42827073
1127,57.3031731
1128,58.0307138
1129,58.74471953
1130,58.2001196
1131,55.6541152
1132,57.65464187
1133,57.06543863
1134,55.94694013
1135,56.58853616
1136,55.95163424
1137,56.78252183
1138,55.85790461
1139,55.50831968
1140,57.01077239
1141,57.33005846
1142,56.13241394
1143,57.86166331
1144,56.16315015
1145,55.86189602
1146,57.02156848
1147,56.48447531
1148,56.30899186
1149,53.57625293
1150,56.00368454
1151,54.50155096
1152,54.9072951
1153,54.75399365
1154,55.07622519
1155,55.19220188
1156,55.6955145
1157,56.67755493
1158,56.20241745
1159,53.90598
1160,55.89326756
1161,56.1670852
1162,55.56089327
1163,55.73333069
1164,55.98816117
1165,56.44682733
1166,54.10945073
1167,55.39037487
1168,57.15220293
1169,56.96927989
1170,56.3635208
1171,56.30036447
1172,57.11004846
1173,57.47043872
1174,55.37736102
1175,54.52711203
1176,54.99706705
1177,58.62951812
1178,53.49341039
1179,54.67560032
1180,53.81134163
1181,55.37996308
1182,53.98149204
1183,55.05097085
1184,53.0917867
1185,55.67323987
1186,56.32226111
1187,54.67227698
1188,54.82542453
1189,54.85447567
1190,54.96200633
1191,54.85219448
1192,56.02431499
1193,56.07607956
1194,54.01181637
1195,54.53666221
1196,55.78640281
1197,53.14353645
1198,52.5917135
1199,54.94493247
1200,55.15204575
1201,54.04729279
1202,54.20855788
1203,53.82216975
1204,53.50471675
1205,55.09971419
1206,53.28534273
1207,54.08904002
1208,53.46356402
1209,52.99439057
1210,55.14445467
1211,53.67190857
1212,54.44491788
1213,52.68510763
1214,53.3244108
1215,54.94128168
1216,56.69634831
1217,52.19104069
1218,54.04324227
1219,54.50074318
1220,53.43787949
1221,54.9346258
1222,53.11878823
1223,54.13837294
1224,53.40793709
1225,55.22404917
1226,53.08580165
1227,53.5288482
1228,54.76194924
1229,52.65711504
1230,53.61578615
1231,52.02378777
1232,52.56728819
1233,54.04177715
1234,52.73085346
1235,52.92550694
1236,53.96637135
1237,52.89029536
1238,54.54922067
1239,53.55570123
1240,53.98624756
1241,54.6813409
1242,53.64792034
1243,54.75286744
1244,54.27355602
1245,53.05108504
1246,54.44276502
1247,53.34480112
1248,52.66527499
1249,53.42021432
1250,54.29437267
1251,53.500971
1252,54.99749463
1253,54.03032866
1254,53.47262651
1255,51.81797154
1256,52.46939429
1257,52.85161348
1258,53.53126436
1259,53.45443377
1260,53.15436779
1261,53.00020146
1262,53.41373302
1263,51.9491057
1264,54.36890955
1265,50.69260239
1266,53.9664447
1267,52.57031131
1268,53.49515912
1269,52.95634244
1270,52.7823311
1271,52.96918486
1272,53.37017025
1273,52.05451667
1274,53.45957048
1275,51.31881561
1276,52.35575666
1277,53.20173983
1278,53.06305875
1279,52.66525769
1280,51.69504355
1281,52.99201169
1282,51.39096895
1283,53.85404274
1284,51.96152451
1285,50.40003862
1286,50.77396742
1287,52.1707176
1288,52.01886104
1289,53.65168455
1290,50.76550814
1291,51.79578816
1292,50.63809576
1293,51.27537977
1294,53.40768458
1295,50.61517241
1296,52.3350798
1297,51.93704139
1298,51.50869016
1299,52.13420764
1300,50.42585787
1301,53.12215393
1302,53.30814472
1303,51.61799107
1304,54.12168081
1305,51.03528383
1306,51.93969422
1307,52.82540041
1308,50.86204251
1309,49.99509587
1310,49.50822591
1311,53.16008953
1312,50.54216556
1313,50.91247445
1314,50.1769344
1315,51.96884401
1316,50.28746478
1317,50.38880431
1318,51.44381088
1319,50.00409017
1320,50.71961773
1321,52.18267585
1322,51.39551818
1323,51.00453054
1324,50.92324644
1325,50.47697715
1326,52.61341225
1327,50.03534044
1328,50.75472575
1329,50.72759921
1330,51.50169355
1331,51.71915243
1332,50.48741509
1333,50.86962733
1334,50.94095764
1335,48.13815788
1336,48.86743807
1337,49.83387217
1338,49.95404692
1339,49.37498545
1340,51.02305094
1341,50.04908088
1342,50.00156732
1343,48.99985094
1344,50.19872666
1345,47.54771122
1346,49.87656271
1347,50.25079703
1348,50.15476918
1349,48.40770831
1350,50.0961479
1351,48.91988399
1352,49.1200157
1353,50.5043358
1354,51.87076862
1355,49.98217294
1356,48.9886319
1357,49.97699605
1358,50.50052892
1359,50.52912061
1360,52.54340603
1361,48.94685257
1362,49.93389746
1363,51.10426292
1364,51.05883027
1365,47.61644472
1366,49.40682971
1367,51.16283546
1368,52.43813359
1369,50.17903431
1370,49.10724862
1371,48.423933
1372,51.36551658
1373,50.06270728
1374,48.40629547
1375,49.07657911
1376,49.60924069
1377,49.66716864
1378,48.30104656
1379,48.31521951
1380,47.34715101
1381,50.12514029
1382,48.62658451
1383,49.38131715
1384,50.29297627
1385,49.01998352
1386,48.8032186
1387,49.14703638
1388,49.02339648
1389,50.01490408
1390,49.04174359
1391,48.0114753
1392,49.71122939
1393,49.90838506
1394,47.21894626
1395,50.28250154
1396,48.75990072
1397,48.98604146
1398,49.53492397
1399,47.66895737
1400,49.33454415
1401,48.06666507
1402,46.96653813
1403,47.3021771
1404,48.75819928
1405,47.56661475
1406,49.73730409
1407,49.49763105
1408,49.54621122
1409,48.29389364
1410,48.28681941
1411,47.09347533
1412,49.03223284
1413,48.16692177
1414,48.73499472
1415,49.60518153
1416,47.34308827
1417,47.73086198
1418,48.17565843
1419,46.9391683
1420,47.5371515
1421,48.12262504
1422,47.52442281
1423,48.98425123
1424,46.29393484
1425,48.896535
1426,48.21635083
1427,46.91304133
1428,46.59772643
1429,45.54504789
1430,46.68355846
1431,48.65051206
1432,47.38208376
1433,48.52927386
1434,46.78044254
1435,48.11819963
1436,46.6290725
1437,46.30765477
1438,47.13595124
1439,46.29431115
1440,45.69972147
1441,47.03324844
1442,47.2565785
1443,48.30435284
1444,48.00709636
1445,48.37440458
1446,47.61765866
1447,47.23766667
1448,45.83482393
1449,47.34010058
1450,47.46296158
1451,48.32121096
1452,47.48186981
1453,48.21798901
1454,45.60206475
1455,46.53038398
1456,47.12068289
1457,47.80678557
1458,46.58570325
1459,46.54324438
1460,47.16682002
1461,45.35010159
1462,48.06490266
1463,45.44304867
1464,44.68074175
1465,46.34735867
1466,48.03179547
1467,47.10590989
1468,47.25153514
1469,46.32363042
1470,46.02066043
1471,44.732706
1472,43.81149527
1473,46.47532737
1474,47.4939848
1475,46.53926137
1476,46.74346096
1477,47.51706344
1478,46.3513755
1479,46.18726907
1480,45.14291525
1481,47.96871261
1482,46.36423916
1483,44.80574259
1484,44.7629777
1485,47.04702199
1486,44.67211359
1487,47.85515183
1488,42.9620616
1489,47.15696798
1490,46.10339072
1491,45.6899395
1492,45.48322538
1493,47.4597222
1494,46.20926614
1495,44.64862583
1496,43.86228491
1497,45.5913963
1498,45.59587841
1499,43.7637048
1500,45.30839198
1501,44.9505937
1502,45.36366425
1503,45.85746355
1504,46.80537798
1505,46.20425629
1506,44.41838443
1507,45.41011616
1508,45.1240353
1509,43.76885301
1510,45.23710991
1511,46.65708488
1512,44.90354779
1513,43.39537733
1514,45.00711909
1515,43.74098394
1516,45.65527486
1517,45.31298152
1518,44.48218948
1519,44.39531645
1520,44.67100372
1521,44.65340861
1522,43.95589307
1523,43.34101219
1524,45.78830573
1525,44.00610475
1526,44.38295271
1527,44.75373845
1528,44.86275267
1529,43.2220713
1530,42.68554993
1531,43.77479108
1532,44.51828219
1533,43.58331797
1534,43.92489511
1535,46.29805175
1536,42.42397094
1537,43.37606139
1538,46.16323058
1539,44.09764629
1540,43.595871
1541,45.20468434
1542,43.99817216
1543,43.63424422
1544,44.08234006
1545,43.23596121
1546,42.84646217
1547,43.88112407
1548,42.93905083
1549,43.7845951
1550,44.09025574
1551,44.72550666
1552,44.94259737
1553,43.41301968
1554,44.26088794
1555,44.10513906
1556,43.89461397
1557,43.02436977
1558,42.59602655
1559,44.02229452
1560,41.91796509
1561,43.20264319
1562,40.91135277
1563,41.97342233
1564,42.61108406
1565,44.72775584
1566,43.90433802
1567,42.72814103
1568,44.10623837
1569,44.05413224
1570,43.14082443
1571,41.67970571
1572,42.85034781
1573,42.92388122
1574,41.99920825
1575,43.31261849
1576,43.32095486
1577,43.47937832
1578,43.27125429
1579,43.78323852
1580,42.59479454
1581,43.08830825
1582,42.50603193
1583,42.34505295
1584,43.95845574
1585,40.78215184
1586,43.40371751
1587,42.108809
1588,42.06168401
1589,42.94202479
1590,40.99615569
1591,41.77266842
1592,41.65697434
1593,42.31332223
1594,41.60116979
1595,43.84996505
1596,44.02729449
1597,40.36788112
1598,43.0445017
1599,43.22273201
1600,42.73254131
1601,41.66694965
1602,42.05615724
1603,41.45333822
1604,41.80230569
1605,40.8314918
1606,42.0629832
1607,40.55740844
1608,41.97716566
1609,40.62594813
1610,41.99860637
1611,41.42323303
1612,42.33818189
1613,43.08672784
1614,43.45143483
1615,39.30049998
1616,41.0291042
1617,41.51129357
1618,42.21451951
1619,39.99326394
1620,40.71833912
1621,41.85232504
1622,41.70237394
1623,41.93058915
1624,41.96059812
1625,41.64279705
1626,41.55666302
1627,41.66948162
1628,41.94890479
1629,39.05818926
1630,43.04425982
1631,39.00930899
1632,40.11835116
1633,41.16311904
1634,41.98982566
1635,38.14571488
1636,41.03116576
1637,41.9092172
1638,42.11343773
1639,40.37479961
1640,40.82737993
1641,40.29542
1642,40.45487876
1643,40.0064855
1644,40.09765522
1645,41.47753874
1646,40.88381752
1647,41.19692232
1648,41.07175687
1649,41.34488062
1650,41.57757203
1651,38.91576506
1652,39.864564
1653,40.46147139
1654,40.53420007
1655,39.84362183
1656,41.42593873
1657,42.47897187
1658,40.60562226
1659,40.51307316
1660,41.46376957
1661,38.37357481
1662,40.2186098
1663,41.39608135
1664,39.52029104
1665,39.134053
1666,39.97839302
1667,40.07856837
1668,39.35388897
1669,42.33433604
1670,39.73503706
1671,39.04859339
1672,39.9676394
1673,40.91289628
1674,40.04528762
1675,40.30405969
1676,38.92556345
1677,41.39701244
1678,40.41340187
1679,40.77733064
1680,40.17010658
1681,40.52359803
1682,38.83754398
1683,39.19833072
1684,41.11293614
1685,41.1391007
1686,38.36753119
1687,39.92315665
1688,39.0869058
1689,38.80260616
1690,39.8684444
1691,40.52933999
1692,39.65401592
1693,39.21299332
1694,40.04807986
1695,38.96720242
1696,39.71813173
1697,40.68806372
1698,36.97009569
1699,40.2028103
1700,37.56566725
1701,40.42211498
1702,38.33027575
1703,37.64927954
1704,39.85092043
1705,39.45325411
1706,37.99280437
1707,37.73023786
1708,38.7353708
1709,37.77435709
1710,38.03123074
1711,38.89535505
1712,37.93442772
1713,39.26422907
1714,40.04219287
1715,38.67164114
1716,38.73288875
1717,40.66692509
1718,37.4205572
1719,39.72273696
1720,39.61389375
1721,39.35689175
1722,39.63670307
1723,38.76514718
1724,37.99106417
1725,39.56813544
1726,39.60702834
1727,39.23305891
1728,38.23978298
1729,37.72778407
1730,38.53263122
1731,39.17337003
1732,39.12482209
1733,37.68018976
1734,38.55032605
1735,36.74488142
1736,39.03140337
1737,37.28984677
1738,39.03139402
1739,36.80886008
1740,39.1039286
1741,38.2777647
1742,36.87235285
1743,38.5507719
1744,37.23407254
1745,38.46596573
1746,37.49207905
1747,36.02984441
1748,36.69406563
1749,36.97926668
1750,39.15539673
1751,38.40038358
1752,39.30778606
1753,39.20453023
1754,37.02601788
1755,37.35601818
1756,37.05285107
1757,36.59367516
1758,35.53870961
1759,37.54414822
1760,36.01895361
1761,37.38184665
1762,39.57056397
1763,36.83229422
1764,37.51744161
1765,37.81215509
1766,37.45043677
1767,37.56295002
1768,36.77530874
1769,36.74310577
1770,35.93771101
1771,37.9670073
1772,35.49407079
1773,37.68811354
1774,35.41100837
1775,37.94143346
1776,36.43857057
1777,35.85560084
1778,37.38528237
1779,37.59683503
1780,36.13862874
1781,37.54411367
1782,34.35583427
1783,35.34392036
1784,37.80283489
1785,36.43905782
1786,34.72947297
1787,35.94697518
1788,35.42498353
1789,36.25336427
1790,36.06159516
1791,36.59784959
1792,36.46793213
1793,37.7326184
1794,36.65267379
1795,36.52953834
1796,37.50103125
1797,35.73315452
1798,34.86525391
1799,37.33223653
1800,36.07194431
1801,36.22112518
1802,35.40735913
1803,35.47175578
1804,36.74449754
1805,36.76491154
1806,36.70884323
1807,36.84808495
1808,36.44640246
1809,35.9870632
1810,35.7112945
1811,36.81550059
1812,35.34955113
1813,36.14963454
1814,34.9243144
1815,34.83936814
1816,35.60480133
1817,34.92077632
1818,36.3735294
1819,34.06919402
1820,35.61848862
1821,35.75347216
1822,33.49047707
1823,35.06122531
1824,35.74505172
1825,35.83156188
1826,35.14297616
1827,36.07094615
1828,35.29286016
1829,35.09346794
1830,35.31621695
1831,36.00744287
1832,34.60932576
1833,34.62640607
1834,34.37143985
1835,34.6438608
1836,36.29335411
1837,35.60622218
1838,33.82612982
1839,34.2283522
1840,35.16125085
1841,33.89428504
1842,34.04191729
1843,36.13929917
1844,33.96509149
1845,35.64713175
1846,35.99768452
1847,33.78437022
1848,33.70286766
1849,34.32989516
1850,33.57608687
1851,34.67951709
1852,34.26344224
1853,34.86210171
1854,35.89411846
1855,35.04920454
1856,34.7736727
1857,32.38560343
1858,34.61103487
1859,36.11632792
1860,31.1655907
1861,34.80224831
1862,34.06107265
1863,33.3580731
1864,35.00146768
1865,35.90285796
1866,34.95908644
1867,33.78247305
1868,33.22817938
1869,34.15296775
1870,34.69125309
1871,33.67479091
1872,33.38964353
1873,36.57346318
1874,34.85401019
1875,35.04856395
1876,32.17408676
1877,33.08046923
1878,33.71189856
1879,32.69558655
1880,35.1975161
1881,35.12536521
1882,33.18490046
1883,35.25298634
1884,33.69139754
1885,36.11354064
1886,33.77062513
1887,33.95482575
1888,34.96158558
1889,34.60382894
1890,33.82444161
1891,33.29338535
1892,33.77250165
1893,32.34383323
1894,33.44595376
1895,32.19574985
1896,31.56911434
1897,33.07748249
1898,34.56134689
1899,33.96221424
1900,32.95447895
1901,34.67472904
1902,32.5039172
1903,31.03895095
1904,30.72977635
1905,31.65987038
1906,33.60737046
1907,32.18923389
1908,33.36019206
1909,34.40728201
1910,31.5226262
1911,33.29097243
1912,33.27989881
1913,31.84160439
1914,33.91245575
1915,32.32511154
1916,32.06966433
1917,34.54699512
1918,33.12599964
1919,33.31572424
1920,33.70682892
1921,31.74037715
1922,33.5472172
1923,31.67647039
1924,31.67227341
1925,31.94772063
1926,31.56038169
1927,33.04155661
1928,32.46439137
1929,31.62497536
1930,32.57180912
1931,31.85280406
1932,31.61792754
1933,32.093295
1934,32.62997843
1935,32.35650693
1936,31.78362864
1937,32.64998627
1938,31.51174067
1939,31.19824961
1940,30.35572243
1941,32.54405017
1942,31.84473496
1943,32.10564573
1944,32.55974368
1945,31.06152661
1946,30.26984364
1947,31.59454185
1948,31.71444651
1949,31.3104269
1950,33.05994387
1951,28.82161771
1952,32.4294097
1953,32.15918519
1954,31.89629492
1955,27.79137705
1956,32.58813095
1957,30.34188381
1958,30.69663313
1959,30.88977422
1960,31.46131986
1961,31.82038068
1962,31.94896514
1963,31.91081491
1964,31.30979687
1965,31.72092761
1966,29.98138574
1967,30.19982055
1968,31.90841981
1969,31.71372171
1970,31.61936086
1971,30.17142889
1972,31.65405379
1973,29.72827917
1974,31.86584891
1975,30.51652832
1976,32.48794587
1977,29.13864429
1978,32.51535466
1979,30.40676035
1980,30.15186685
1981,30.74444435
1982,29.84607835
1983,30.27920445
1984,29.75994982
1985,29.76758669
1986,30.76770654
1987,29.42917683
1988,29.48908007
1989,29.04900867
1990,29.77572071
1991,31.5329696
1992,29.43739128
1993,29.45369323
1994,30.51397985
1995,29.80230418
1996,32.42411786
1997,29.90921937
1998,30.45846656
1999,30.96535062
2000,30.88273545
