BatteryID,SOH,InternalResistance
BAT0969,61.70680599,0.150597326
BAT0972,63.01229732,0.150333709
BAT0978,62.0841629,0.150812294
BAT0984,63.11958744,0.151598246
BAT0989,60.28633534,0.151711295
BAT0995,60.35323778,0.150625821
BAT0998,60.86820413,0.152426946
BAT1000,61.46624733,0.153728399
BAT1002,62.07459277,0.150378396
BAT1004,61.45699127,0.150646838
BAT1005,62.24224239,0.151389184
BAT1006,61.94842533,0.15146767
BAT1009,61.42921642,0.155906344
BAT1010,60.71451641,0.150032031
BAT1011,59.56925088,0.152498425
BAT1013,60.79451026,0.150740775
BAT1014,60.99704115,0.151145601
BAT1015,60.28227942,0.15244563
BAT1017,61.11538803,0.152032281
BAT1019,61.61736078,0.152548691
BAT1021,60.21939302,0.150389035
BAT1022,60.83421382,0.151652745
BAT1023,60.87978608,0.150195341
BAT1024,58.81950228,0.151448931
BAT1025,61.11438076,0.150113248
BAT1027,59.35476794,0.154735914
BAT1028,59.18251754,0.150207903
BAT1029,59.73794406,0.152542638
BAT1030,58.48457459,0.154505782
BAT1031,61.65363703,0.151870112
BAT1032,61.38820185,0.151549668
BAT1033,60.08705538,0.153752476
BAT1034,59.57680295,0.155635868
BAT1035,59.66108094,0.151161369
BAT1036,60.54730584,0.153299704
BAT1037,61.73804048,0.150235011
BAT1038,59.24061493,0.153013598
BAT1039,58.62373662,0.153968409
BAT1040,61.22715606,0.152290751
BAT1041,57.82937934,0.153186016
BAT1042,58.52968908,0.151383546
BAT1043,59.35564609,0.154454157
BAT1044,57.97547957,0.156511388
BAT1045,60.53464332,0.152305712
BAT1046,60.28792496,0.153354656
BAT1047,58.96349185,0.155705092
BAT1048,60.56666021,0.157224181
BAT1049,60.74100646,0.15191362
BAT1050,59.18519107,0.154662431
BAT1051,58.70416475,0.155666262
BAT1052,61.52535861,0.154995887
BAT1053,59.81190181,0.150346416
BAT1054,59.38482318,0.15640218
BAT1055,60.5618847,0.158538673
BAT1056,59.33053261,0.155833324
BAT1057,58.72807289,0.153637788
BAT1058,59.1968075,0.154773746
BAT1059,60.0570906,0.159439826
BAT1060,57.0038588,0.157819925
BAT1061,58.69195375,0.157380053
BAT1062,60.56237128,0.156912825
BAT1063,58.45825036,0.154977726
BAT1064,60.44967444,0.155998858
BAT1065,60.26308235,0.156344155
BAT1066,58.83766624,0.157699149
BAT1067,58.05908597,0.159717838
BAT1068,58.59917197,0.159036676
BAT1069,61.31038697,0.154061231
BAT1070,60.56361887,0.15744799
BAT1071,58.90127929,0.158573527
BAT1072,57.80664099,0.158437721
BAT1073,58.77862506,0.156041532
BAT1074,58.74376059,0.163228218
BAT1075,57.1600519,0.154945831
BAT1076,58.59749265,0.155433623
BAT1077,59.60995689,0.15816719
BAT1078,56.7207239,0.162033606
BAT1079,59.14555009,0.15622761
BAT1080,59.75232606,0.157468343
BAT1081,57.83083276,0.160254587
BAT1082,60.00136027,0.158164276
BAT1083,57.52380389,0.157630792
BAT1084,58.93478665,0.159531266
BAT1085,57.82950322,0.159045036
BAT1086,58.08449154,0.160660878
BAT1087,57.39969276,0.161282938
BAT1088,58.66494348,0.159414006
BAT1089,59.09168648,0.159483465
BAT1090,57.99580247,0.159428222
BAT1091,56.73876031,0.160078261
BAT1092,58.39550316,0.159310341
BAT1093,58.48514899,0.159298783
BAT1094,57.62490402,0.161793254
BAT1095,59.58637945,0.162532232
BAT1096,56.15485416,0.156584894
BAT1097,55.71872477,0.159720042
BAT1098,57.11333701,0.158422611
BAT1099,58.64904972,0.159278057
BAT1100,56.78410152,0.160805032
BAT1101,56.70930137,0.161438877
BAT1102,58.5162106,0.159975747
BAT1103,58.2079884,0.156473319
BAT1104,58.01826854,0.158469909
BAT1105,58.4434584,0.162292999
BAT1106,57.0527279,0.155119147
BAT1107,57.27026002,0.163074854
BAT1108,58.25444646,0.16184246
BAT1109,56.14495802,0.163532352
BAT1110,55.26098344,0.160602862
BAT1111,56.86309136,0.156977189
BAT1112,58.34497703,0.162060725
BAT1113,57.60092477,0.163849306
BAT1114,58.24782151,0.163249444
BAT1115,55.25492858,0.160174617
BAT1116,57.5781657,0.161773522
BAT1117,57.88387285,0.160634327
BAT1118,55.72610171,0.160161467
BAT1119,57.91844511,0.163810777
BAT1120,57.10496223,0.159604935
BAT1121,60.17468488,0.160312367
BAT1122,54.89844299,0.159991949
BAT1123,58.29922647,0.159319505
BAT1124,56.52908901,0.162692829
BAT1125,55.3924761,0.164823006
BAT1126,56.42827073,0.162230246
BAT1127,57.3031731,0.159688504
BAT1128,58.0307138,0.164479889
BAT1129,58.74471953,0.166271404
BAT1130,58.2001196,0.161707515
BAT1131,55.6541152,0.162142891
BAT1132,57.65464187,0.164231321
BAT1133,57.06543863,0.166543747
BAT1134,55.94694013,0.162360332
BAT1135,56.58853616,0.1608351
BAT1136,55.95163424,0.164862837
BAT1137,56.78252183,0.165298136
BAT1138,55.85790461,0.163812263
BAT1139,55.50831968,0.162783733
BAT1140,57.01077239,0.165988757
BAT1141,57.33005846,0.165156072
BAT1142,56.13241394,0.162663129
BAT1143,57.86166331,0.164398189
BAT1144,56.16315015,0.161696585
BAT1145,55.86189602,0.165871781
BAT1146,57.02156848,0.164075533
BAT1147,56.48447531,0.163828578
BAT1148,56.30899186,0.164734251
BAT1149,53.57625293,0.164980615
BAT1150,56.00368454,0.16678986
BAT1151,54.50155096,0.166282181
BAT1152,54.9072951,0.164887181
BAT1153,54.75399365,0.166827336
BAT1154,55.07622519,0.166201475
BAT1155,55.19220188,0.164646801
BAT1156,55.6955145,0.165350564
BAT1157,56.67755493,0.165403554
BAT1158,56.20241745,0.166810523
BAT1159,53.90598,0.165165955
BAT1160,55.89326756,0.165219182
BAT1161,56.1670852,0.170037515
BAT1162,55.56089327,0.168079471
BAT1163,55.73333069,0.164778799
BAT1164,55.98816117,0.167541882
BAT1165,56.44682733,0.1667367
BAT1166,54.10945073,0.167383102
BAT1167,55.39037487,0.166974683
BAT1168,57.15220293,0.169179285
BAT1169,56.96927989,0.167591241
BAT1170,56.3635208,0.166875823
BAT1171,56.30036447,0.169184381
BAT1172,57.11004846,0.16766657
BAT1173,57.47043872,0.167542957
BAT1174,55.37736102,0.168028045
BAT1175,54.52711203,0.167312782
BAT1176,54.99706705,0.167618454
BAT1177,58.62951812,0.166526611
BAT1178,53.49341039,0.166297666
BAT1179,54.67560032,0.165902859
BAT1180,53.81134163,0.165216033
BAT1181,55.37996308,0.166340565
BAT1182,53.98149204,0.167851466
BAT1183,55.05097085,0.168506235
BAT1184,53.0917867,0.167857407
BAT1185,55.67323987,0.163788593
BAT1186,56.32226111,0.171749173
BAT1187,54.67227698,0.17087296
BAT1188,54.82542453,0.16969152
BAT1189,54.85447567,0.172714981
BAT1190,54.96200633,0.167045272
BAT1191,54.85219448,0.17287525
BAT1192,56.02431499,0.167269572
BAT1193,56.07607956,0.169777476
BAT1194,54.01181637,0.166852325
BAT1195,54.53666221,0.169529388
BAT1196,55.78640281,0.170372333
BAT1197,53.14353645,0.169390619
BAT1198,52.5917135,0.171227755
BAT1199,54.94493247,0.170098029
BAT1200,55.15204575,0.168955171
BAT1201,54.04729279,0.168966373
BAT1202,54.20855788,0.171821828
BAT1203,53.82216975,0.168992516
BAT1204,53.50471675,0.172230806
BAT1205,55.09971419,0.172945424
BAT1206,53.28534273,0.167262572
BAT1207,54.08904002,0.172965853
BAT1208,53.46356402,0.174920845
BAT1209,52.99439057,0.171404008
BAT1210,55.14445467,0.172198168
BAT1211,53.67190857,0.173174011
BAT1212,54.44491788,0.170649035
BAT1213,52.68510763,0.17166456
BAT1214,53.3244108,0.168771601
BAT1215,54.94128168,0.17177727
BAT1216,56.69634831,0.172596224
BAT1217,52.19104069,0.172732326
BAT1218,54.04324227,0.173930849
BAT1219,54.50074318,0.170350396
BAT1220,53.43787949,0.170934786
BAT1221,54.9346258,0.175891015
BAT1222,53.11878823,0.171899343
BAT1223,54.13837294,0.172700068
BAT1224,53.40793709,0.17226598
BAT1225,55.22404917,0.170856638
BAT1226,53.08580165,0.175847058
BAT1227,53.5288482,0.171644597
BAT1228,54.76194924,0.170545429
BAT1229,52.65711504,0.171998519
BAT1230,53.61578615,0.168996588
BAT1231,52.02378777,0.171797425
BAT1232,52.56728819,0.171263743
BAT1233,54.04177715,0.174534857
BAT1234,52.73085346,0.172053172
BAT1235,52.92550694,0.175275608
BAT1236,53.96637135,0.176396968
BAT1237,52.89029536,0.175262351
BAT1238,54.54922067,0.173369223
BAT1239,53.55570123,0.174182229
BAT1240,53.98624756,0.17095003
BAT1241,54.6813409,0.173832441
BAT1242,53.64792034,0.172479123
BAT1243,54.75286744,0.175688653
BAT1244,54.27355602,0.179545505
BAT1245,53.05108504,0.175499643
BAT1246,54.44276502,0.17061772
BAT1247,53.34480112,0.17397754
BAT1248,52.66527499,0.175044982
BAT1249,53.42021432,0.175074715
BAT1250,54.29437267,0.173538374
BAT1251,53.500971,0.175590583
BAT1252,54.99749463,0.172714998
BAT1253,54.03032866,0.173410183
BAT1254,53.47262651,0.176691595
BAT1255,51.81797154,0.173468674
BAT1256,52.46939429,0.176676423
BAT1257,52.85161348,0.172961072
BAT1258,53.53126436,0.179329652
BAT1259,53.45443377,0.17435146
BAT1260,53.15436779,0.175552667
BAT1261,53.00020146,0.176761227
BAT1262,53.41373302,0.1750693
BAT1263,51.9491057,0.176586812
BAT1264,54.36890955,0.177550713
BAT1265,50.69260239,0.178421226
BAT1266,53.9664447,0.178182995
BAT1267,52.57031131,0.176356379
BAT1268,53.49515912,0.176506736
BAT1269,52.95634244,0.181598217
BAT1270,52.7823311,0.178899778
BAT1271,52.96918486,0.175256353
BAT1272,53.37017025,0.177399976
BAT1273,52.05451667,0.176629714
BAT1274,53.45957048,0.177129332
BAT1275,51.31881561,0.17504101
BAT1276,52.35575666,0.176776154
BAT1277,53.20173983,0.181323112
BAT1278,53.06305875,0.178958153
BAT1279,52.66525769,0.172917677
BAT1280,51.69504355,0.180433447
BAT1281,52.99201169,0.180279259
BAT1282,51.39096895,0.177481429
BAT1283,53.85404274,0.179734527
BAT1284,51.96152451,0.176681202
BAT1285,50.40003862,0.177559489
BAT1286,50.77396742,0.181597093
BAT1287,52.1707176,0.17815654
BAT1288,52.01886104,0.175060537
BAT1289,53.65168455,0.178773394
BAT1290,50.76550814,0.178842823
BAT1291,51.79578816,0.181496737
BAT1292,50.63809576,0.179228673
BAT1293,51.27537977,0.178456835
BAT1294,53.40768458,0.181490112
BAT1295,50.61517241,0.17974158
BAT1296,52.3350798,0.178099955
BAT1297,51.93704139,0.182009995
BAT1298,51.50869016,0.180187324
BAT1299,52.13420764,0.179905852
BAT1300,50.42585787,0.180355817
BAT1301,53.12215393,0.177958663
BAT1302,53.30814472,0.179144692
BAT1303,51.61799107,0.180307165
BAT1304,54.12168081,0.180010673
BAT1305,51.03528383,0.183044857
BAT1306,51.93969422,0.181034812
BAT1307,52.82540041,0.182409808
BAT1308,50.86204251,0.180818791
BAT1309,49.99509587,0.183012577
BAT1310,49.50822591,0.181795056
BAT1311,53.16008953,0.181126841
BAT1312,50.54216556,0.181173434
BAT1313,50.91247445,0.179391123
BAT1314,50.1769344,0.182413831
BAT1315,51.96884401,0.181419591
BAT1316,50.28746478,0.180596016
BAT1317,50.38880431,0.183912924
BAT1318,51.44381088,0.179299568
BAT1319,50.00409017,0.181055008
BAT1320,50.71961773,0.184055437
BAT1321,52.18267585,0.182731046
BAT1322,51.39551818,0.182104282
BAT1323,51.00453054,0.182802007
BAT1324,50.92324644,0.182758828
BAT1325,50.47697715,0.179466675
BAT1326,52.61341225,0.181901476
BAT1327,50.03534044,0.185933043
BAT1328,50.75472575,0.181481352
BAT1329,50.72759921,0.182263398
BAT1330,51.50169355,0.181916758
BAT1331,51.71915243,0.18292597
BAT1332,50.48741509,0.182033754
BAT1333,50.86962733,0.184273483
BAT1334,50.94095764,0.183794627
BAT1335,48.13815788,0.185047095
BAT1336,48.86743807,0.181498118
BAT1337,49.83387217,0.183019319
BAT1338,49.95404692,0.183348555
BAT1339,49.37498545,0.184811294
BAT1340,51.02305094,0.182413558
BAT1341,50.04908088,0.185931308
BAT1342,50.00156732,0.186572831
BAT1343,48.99985094,0.182322255
BAT1344,50.19872666,0.183418254
BAT1345,47.54771122,0.183436137
BAT1346,49.87656271,0.189864772
BAT1347,50.25079703,0.1838402
BAT1348,50.15476918,0.188155251
BAT1349,48.40770831,0.182366736
BAT1350,50.0961479,0.183020698
BAT1351,48.91988399,0.183726791
BAT1352,49.1200157,0.183508621
BAT1353,50.5043358,0.184764203
BAT1354,51.87076862,0.183982444
BAT1355,49.98217294,0.183861317
BAT1356,48.9886319,0.187916944
BAT1357,49.97699605,0.188147587
BAT1358,50.50052892,0.187698593
BAT1359,50.52912061,0.186947998
BAT1360,52.54340603,0.186185486
BAT1361,48.94685257,0.185105939
BAT1362,49.93389746,0.184293685
BAT1363,51.10426292,0.187025991
BAT1364,51.05883027,0.184052739
BAT1365,47.61644472,0.184512158
BAT1366,49.40682971,0.188905827
BAT1367,51.16283546,0.190501298
BAT1368,52.43813359,0.18758659
BAT1369,50.17903431,0.189112914
BAT1370,49.10724862,0.186508303
BAT1371,48.423933,0.184424652
BAT1372,51.36551658,0.188424343
BAT1373,50.06270728,0.188438579
BAT1374,48.40629547,0.187543337
BAT1375,49.07657911,0.187015249
BAT1376,49.60924069,0.189524421
BAT1377,49.66716864,0.185728534
BAT1378,48.30104656,0.186252439
BAT1379,48.31521951,0.185883787
BAT1380,47.34715101,0.188169946
BAT1381,50.12514029,0.185924214
BAT1382,48.62658451,0.186831516
BAT1383,49.38131715,0.186888489
BAT1384,50.29297627,0.187878783
BAT1385,49.01998352,0.185525251
BAT1386,48.8032186,0.18877441
BAT1387,49.14703638,0.191194607
BAT1388,49.02339648,0.189070983
BAT1389,50.01490408,0.191982642
BAT1390,49.04174359,0.191667996
BAT1391,48.0114753,0.19065547
BAT1392,49.71122939,0.189349372
BAT1393,49.90838506,0.189345001
BAT1394,47.21894626,0.1909276
BAT1395,50.28250154,0.188716659
BAT1396,48.75990072,0.185834958
BAT1397,48.98604146,0.190684008
BAT1398,49.53492397,0.187537863
BAT1399,47.66895737,0.187975718
BAT1400,49.33454415,0.190000448
BAT1401,48.06666507,0.18990975
BAT1402,46.96653813,0.187375849
BAT1403,47.3021771,0.190630983
BAT1404,48.75819928,0.192332279
BAT1405,47.56661475,0.188243317
BAT1406,49.73730409,0.193144967
BAT1407,49.49763105,0.187579658
BAT1408,49.54621122,0.195034648
BAT1409,48.29389364,0.190077479
BAT1410,48.28681941,0.191291234
BAT1411,47.09347533,0.187315933
BAT1412,49.03223284,0.191075728
BAT1413,48.16692177,0.191756964
BAT1414,48.73499472,0.191227676
BAT1415,49.60518153,0.190373838
BAT1416,47.34308827,0.189706871
BAT1417,47.73086198,0.193961053
BAT1418,48.17565843,0.191861614
BAT1419,46.9391683,0.194981505
BAT1420,47.5371515,0.190947035
BAT1421,48.12262504,0.191230411
BAT1422,47.52442281,0.193831188
BAT1423,48.98425123,0.18905405
BAT1424,46.29393484,0.189973073
BAT1425,48.896535,0.19469497
BAT1426,48.21635083,0.190256132
BAT1427,46.91304133,0.189061898
BAT1428,46.59772643,0.196537054
BAT1429,45.54504789,0.190112365
BAT1430,46.68355846,0.193368239
BAT1431,48.65051206,0.19323817
BAT1432,47.38208376,0.187578743
BAT1433,48.52927386,0.192765366
BAT1434,46.78044254,0.194296826
BAT1435,48.11819963,0.194208619
BAT1436,46.6290725,0.195407041
BAT1437,46.30765477,0.192925017
BAT1438,47.13595124,0.195225009
BAT1439,46.29431115,0.192521342
BAT1440,45.69972147,0.191179065
BAT1441,47.03324844,0.191504543
BAT1442,47.2565785,0.191275779
BAT1443,48.30435284,0.196319172
BAT1444,48.00709636,0.191370853
BAT1445,48.37440458,0.195048078
BAT1446,47.61765866,0.194068152
BAT1447,47.23766667,0.194494703
BAT1448,45.83482393,0.197527215
BAT1449,47.34010058,0.194023145
BAT1450,47.46296158,0.196223203
BAT1451,48.32121096,0.195175127
BAT1452,47.48186981,0.194895962
BAT1453,48.21798901,0.199899938
BAT1454,45.60206475,0.192517317
BAT1455,46.53038398,0.198078264
BAT1456,47.12068289,0.196912813
BAT1457,47.80678557,0.19474095
BAT1458,46.58570325,0.199058637
BAT1459,46.54324438,0.19220378
BAT1460,47.16682002,0.194956467
BAT1461,45.35010159,0.193683036
BAT1462,48.06490266,0.197024167
BAT1463,45.44304867,0.194073872
BAT1464,44.68074175,0.197266128
BAT1465,46.34735867,0.196127127
BAT1466,48.03179547,0.195641292
BAT1467,47.10590989,0.197477294
BAT1468,47.25153514,0.196262757
BAT1469,46.32363042,0.19472273
BAT1470,46.02066043,0.202602746
BAT1471,44.732706,0.196125666
BAT1472,43.81149527,0.192764782
BAT1473,46.47532737,0.195615803
BAT1474,47.4939848,0.194865447
BAT1475,46.53926137,0.199152291
BAT1476,46.74346096,0.198243305
BAT1477,47.51706344,0.198497426
BAT1478,46.3513755,0.197059955
BAT1479,46.18726907,0.1973413
BAT1480,45.14291525,0.197258138
BAT1481,47.96871261,0.197937614
BAT1482,46.36423916,0.199870667
BAT1483,44.80574259,0.198972151
BAT1484,44.7629777,0.199400226
BAT1485,47.04702199,0.199499118
BAT1486,44.67211359,0.200368885
BAT1487,47.85515183,0.1992763
BAT1488,42.9620616,0.199517696
BAT1489,47.15696798,0.201277612
BAT1490,46.10339072,0.197669908
BAT1491,45.6899395,0.197388515
BAT1492,45.48322538,0.196828157
BAT1493,47.4597222,0.199665829
BAT1494,46.20926614,0.195692536
BAT1495,44.64862583,0.200424308
BAT1496,43.86228491,0.199381614
BAT1497,45.5913963,0.201969279
BAT1498,45.59587841,0.198456165
BAT1499,43.7637048,0.199493363
BAT1500,45.30839198,0.202244407
BAT1501,44.9505937,0.202866271
BAT1502,45.36366425,0.198839695
BAT1503,45.85746355,0.200663562
BAT1504,46.80537798,0.200988838
BAT1505,46.20425629,0.201247307
BAT1506,44.41838443,0.200074849
BAT1507,45.41011616,0.203262767
BAT1508,45.1240353,0.197020593
BAT1509,43.76885301,0.20005774
BAT1510,45.23710991,0.201895861
BAT1511,46.65708488,0.20201445
BAT1512,44.90354779,0.203905518
BAT1513,43.39537733,0.203696451
BAT1514,45.00711909,0.200828917
BAT1515,43.74098394,0.204099742
BAT1516,45.65527486,0.200171917
BAT1517,45.31298152,0.203561775
BAT1518,44.48218948,0.205421045
BAT1519,44.39531645,0.204329888
BAT1520,44.67100372,0.202211541
BAT1521,44.65340861,0.201436442
BAT1522,43.95589307,0.199142817
BAT1523,43.34101219,0.202921079
BAT1524,45.78830573,0.200169566
BAT1525,44.00610475,0.200913731
BAT1526,44.38295271,0.200218508
BAT1527,44.75373845,0.201779215
BAT1528,44.86275267,0.202744061
BAT1529,43.2220713,0.203447229
BAT1530,42.68554993,0.201798987
BAT1531,43.77479108,0.205238567
BAT1532,44.51828219,0.202783589
BAT1533,43.58331797,0.201724555
BAT1534,43.92489511,0.203852585
BAT1535,46.29805175,0.207427106
BAT1536,42.42397094,0.204270321
BAT1537,43.37606139,0.202974289
BAT1538,46.16323058,0.200745077
BAT1539,44.09764629,0.203461175
BAT1540,43.595871,0.204469856
BAT1541,45.20468434,0.203324838
BAT1542,43.99817216,0.200869231
BAT1543,43.63424422,0.202598869
BAT1544,44.08234006,0.207309077
BAT1545,43.23596121,0.207368002
BAT1546,42.84646217,0.202826722
BAT1547,43.88112407,0.206045514
BAT1548,42.93905083,0.202442854
BAT1549,43.7845951,0.207708633
BAT1550,44.09025574,0.205490472
BAT1551,44.72550666,0.206999283
BAT1552,44.94259737,0.201769813
BAT1553,43.41301968,0.206655274
BAT1554,44.26088794,0.205384652
BAT1555,44.10513906,0.207203858
BAT1556,43.89461397,0.207429736
BAT1557,43.02436977,0.205831569
BAT1558,42.59602655,0.204598341
BAT1559,44.02229452,0.207459392
BAT1560,41.91796509,0.205879691
BAT1561,43.20264319,0.20435443
BAT1562,40.91135277,0.204359696
BAT1563,41.97342233,0.203345671
BAT1564,42.61108406,0.205379418
BAT1565,44.72775584,0.208705384
BAT1566,43.90433802,0.20695566
BAT1567,42.72814103,0.205640465
BAT1568,44.10623837,0.208409712
BAT1569,44.05413224,0.205235047
BAT1570,43.14082443,0.207190701
BAT1571,41.67970571,0.206740739
BAT1572,42.85034781,0.208758261
BAT1573,42.92388122,0.204145543
BAT1574,41.99920825,0.205699605
BAT1575,43.31261849,0.204223509
BAT1576,43.32095486,0.207080807
BAT1577,43.47937832,0.210122855
BAT1578,43.27125429,0.206789106
BAT1579,43.78323852,0.206878632
BAT1580,42.59479454,0.209743449
BAT1581,43.08830825,0.210237099
BAT1582,42.50603193,0.208022858
BAT1583,42.34505295,0.20966943
BAT1584,43.95845574,0.206246091
BAT1585,40.78215184,0.211255949
BAT1586,43.40371751,0.212897413
BAT1587,42.108809,0.209742432
BAT1588,42.06168401,0.204631337
BAT1589,42.94202479,0.207783539
BAT1590,40.99615569,0.210225651
BAT1591,41.77266842,0.208257034
BAT1592,41.65697434,0.211744397
BAT1593,42.31332223,0.210476315
BAT1594,41.60116979,0.207987049
BAT1595,43.84996505,0.20956453
BAT1596,44.02729449,0.207812334
BAT1597,40.36788112,0.20933483
BAT1598,43.0445017,0.208690814
BAT1599,43.22273201,0.212249524
BAT1600,42.73254131,0.214232024
BAT1601,41.66694965,0.207237623
BAT1602,42.05615724,0.206353567
BAT1603,41.45333822,0.209809655
BAT1604,41.80230569,0.207363169
BAT1605,40.8314918,0.210592423
BAT1606,42.0629832,0.212097872
BAT1607,40.55740844,0.213688284
BAT1608,41.97716566,0.211202789
BAT1609,40.62594813,0.21051369
BAT1610,41.99860637,0.20704323
BAT1611,41.42323303,0.21115237
BAT1612,42.33818189,0.211342575
BAT1613,43.08672784,0.212577914
BAT1614,43.45143483,0.209983024
BAT1615,39.30049998,0.210629895
BAT1616,41.0291042,0.208643995
BAT1617,41.51129357,0.207117414
BAT1618,42.21451951,0.209583006
BAT1619,39.99326394,0.208759348
BAT1620,40.71833912,0.212673425
BAT1621,41.85232504,0.211063732
BAT1622,41.70237394,0.211123526
BAT1623,41.93058915,0.210331174
BAT1624,41.96059812,0.205934869
BAT1625,41.64279705,0.215516621
BAT1626,41.55666302,0.210599459
BAT1627,41.66948162,0.21187516
BAT1628,41.94890479,0.209890216
BAT1629,39.05818926,0.214843861
BAT1630,43.04425982,0.213286858
BAT1631,39.00930899,0.211447269
BAT1632,40.11835116,0.212415541
BAT1633,41.16311904,0.21665636
BAT1634,41.98982566,0.213254061
BAT1635,38.14571488,0.213136533
BAT1636,41.03116576,0.211717237
BAT1637,41.9092172,0.209910838
BAT1638,42.11343773,0.213479923
BAT1639,40.37479961,0.21455097
BAT1640,40.82737993,0.216199169
BAT1641,40.29542,0.209603007
BAT1642,40.45487876,0.211949807
BAT1643,40.0064855,0.213138518
BAT1644,40.09765522,0.214393038
BAT1645,41.47753874,0.214209933
BAT1646,40.88381752,0.214356623
BAT1647,41.19692232,0.215516192
BAT1648,41.07175687,0.212993414
BAT1649,41.34488062,0.216768283
BAT1650,41.57757203,0.215866905
BAT1651,38.91576506,0.214460335
BAT1652,39.864564,0.218401816
BAT1653,40.46147139,0.218412832
BAT1654,40.53420007,0.217265791
BAT1655,39.84362183,0.209462886
BAT1656,41.42593873,0.21875789
BAT1657,42.47897187,0.217289517
BAT1658,40.60562226,0.219812817
BAT1659,40.51307316,0.218374929
BAT1660,41.46376957,0.219156685
BAT1661,38.37357481,0.21785731
BAT1662,40.2186098,0.218897386
BAT1663,41.39608135,0.220288247
BAT1664,39.52029104,0.216833109
BAT1665,39.134053,0.213355539
BAT1666,39.97839302,0.215985078
BAT1667,40.07856837,0.217479891
BAT1668,39.35388897,0.216949775
BAT1669,42.33433604,0.214406876
BAT1670,39.73503706,0.213737865
BAT1671,39.04859339,0.215617675
BAT1672,39.9676394,0.218815479
BAT1673,40.91289628,0.22046068
BAT1674,40.04528762,0.219233135
BAT1675,40.30405969,0.219614855
BAT1676,38.92556345,0.217438369
BAT1677,41.39701244,0.214215835
BAT1678,40.41340187,0.216889559
BAT1679,40.77733064,0.217382471
BAT1680,40.17010658,0.217005895
BAT1681,40.52359803,0.21820939
BAT1682,38.83754398,0.21908284
BAT1683,39.19833072,0.22000603
BAT1684,41.11293614,0.21784376
BAT1685,41.1391007,0.214692481
BAT1686,38.36753119,0.217634245
BAT1687,39.92315665,0.218787421
BAT1688,39.0869058,0.221245616
BAT1689,38.80260616,0.217764384
BAT1690,39.8684444,0.220025087
BAT1691,40.52933999,0.219680176
BAT1692,39.65401592,0.219287801
BAT1693,39.21299332,0.221161067
BAT1694,40.04807986,0.218078318
BAT1695,38.96720242,0.218349627
BAT1696,39.71813173,0.219576198
BAT1697,40.68806372,0.218419707
BAT1698,36.97009569,0.220816025
BAT1699,40.2028103,0.218473615
BAT1700,37.56566725,0.220452608
BAT1701,40.42211498,0.219899654
BAT1702,38.33027575,0.220629852
BAT1703,37.64927954,0.219380517
BAT1704,39.85092043,0.219721823
BAT1705,39.45325411,0.220692019
BAT1706,37.99280437,0.221004149
BAT1707,37.73023786,0.220691596
BAT1708,38.7353708,0.224210725
BAT1709,37.77435709,0.218918526
BAT1710,38.03123074,0.220871592
BAT1711,38.89535505,0.217952742
BAT1712,37.93442772,0.221944163
BAT1713,39.26422907,0.219069507
BAT1714,40.04219287,0.220843379
BAT1715,38.67164114,0.220755871
BAT1716,38.73288875,0.222161782
BAT1717,40.66692509,0.220594418
BAT1718,37.4205572,0.220609389
BAT1719,39.72273696,0.224771713
BAT1720,39.61389375,0.222569134
BAT1721,39.35689175,0.220977898
BAT1722,39.63670307,0.221698333
BAT1723,38.76514718,0.22559071
BAT1724,37.99106417,0.22192967
BAT1725,39.56813544,0.221121447
BAT1726,39.60702834,0.221230008
BAT1727,39.23305891,0.221601747
BAT1728,38.23978298,0.221611005
BAT1729,37.72778407,0.220340704
BAT1730,38.53263122,0.2207516
BAT1731,39.17337003,0.221441359
BAT1732,39.12482209,0.224383142
BAT1733,37.68018976,0.222537525
BAT1734,38.55032605,0.222985677
BAT1735,36.74488142,0.226040176
BAT1736,39.03140337,0.226190014
BAT1737,37.28984677,0.22313575
BAT1738,39.03139402,0.222538273
BAT1739,36.80886008,0.222171139
BAT1740,39.1039286,0.225385552
BAT1741,38.2777647,0.223690586
BAT1742,36.87235285,0.22342701
BAT1743,38.5507719,0.222672671
BAT1744,37.23407254,0.222860667
BAT1745,38.46596573,0.225140116
BAT1746,37.49207905,0.221969123
BAT1747,36.02984441,0.226689737
BAT1748,36.69406563,0.223732311
BAT1749,36.97926668,0.224600728
BAT1750,39.15539673,0.222326044
BAT1751,38.40038358,0.225075268
BAT1752,39.30778606,0.224543358
BAT1753,39.20453023,0.225199839
BAT1754,37.02601788,0.228343418
BAT1755,37.35601818,0.225855396
BAT1756,37.05285107,0.224010682
BAT1757,36.59367516,0.22427736
BAT1758,35.53870961,0.226990262
BAT1759,37.54414822,0.228497387
BAT1760,36.01895361,0.226563836
BAT1761,37.38184665,0.227477425
BAT1762,39.57056397,0.227419475
BAT1763,36.83229422,0.229138129
BAT1764,37.51744161,0.22250082
BAT1765,37.81215509,0.227834438
BAT1766,37.45043677,0.228567472
BAT1767,37.56295002,0.224022553
BAT1768,36.77530874,0.225028664
BAT1769,36.74310577,0.225198435
BAT1770,35.93771101,0.22554242
BAT1771,37.9670073,0.226136566
BAT1772,35.49407079,0.227685206
BAT1773,37.68811354,0.229031349
BAT1774,35.41100837,0.229562634
BAT1775,37.94143346,0.225824354
BAT1776,36.43857057,0.225910594
BAT1777,35.85560084,0.230331644
BAT1778,37.38528237,0.229093488
BAT1779,37.59683503,0.22806573
BAT1780,36.13862874,0.228946673
BAT1781,37.54411367,0.228040392
BAT1782,34.35583427,0.229249169
BAT1783,35.34392036,0.227627867
BAT1784,37.80283489,0.22893761
BAT1785,36.43905782,0.225478908
BAT1786,34.72947297,0.227224431
BAT1787,35.94697518,0.227345978
BAT1788,35.42498353,0.22805122
BAT1789,36.25336427,0.227046973
BAT1790,36.06159516,0.227932913
BAT1791,36.59784959,0.226071172
BAT1792,36.46793213,0.230297401
BAT1793,37.7326184,0.229134973
BAT1794,36.65267379,0.225989585
BAT1795,36.52953834,0.22783034
BAT1796,37.50103125,0.230273203
BAT1797,35.73315452,0.228613956
BAT1798,34.86525391,0.228406117
BAT1799,37.33223653,0.229750815
BAT1800,36.07194431,0.230687195
BAT1801,36.22112518,0.227227295
BAT1802,35.40735913,0.231300257
BAT1803,35.47175578,0.228699413
BAT1804,36.74449754,0.230364144
BAT1805,36.76491154,0.23042916
BAT1806,36.70884323,0.229545868
BAT1807,36.84808495,0.228652681
BAT1808,36.44640246,0.230228627
BAT1809,35.9870632,0.234150661
BAT1810,35.7112945,0.22827665
BAT1811,36.81550059,0.234484626
BAT1812,35.34955113,0.230680558
BAT1813,36.14963454,0.231370743
BAT1814,34.9243144,0.229226578
BAT1815,34.83936814,0.229957461
BAT1816,35.60480133,0.230594181
BAT1817,34.92077632,0.22960861
BAT1818,36.3735294,0.231382164
BAT1819,34.06919402,0.231085968
BAT1820,35.61848862,0.235701562
BAT1821,35.75347216,0.229768052
BAT1822,33.49047707,0.232405381
BAT1823,35.06122531,0.232795693
BAT1824,35.74505172,0.230259359
BAT1825,35.83156188,0.233873655
BAT1826,35.14297616,0.231803346
BAT1827,36.07094615,0.227715221
BAT1828,35.29286016,0.234119699
BAT1829,35.09346794,0.230666118
BAT1830,35.31621695,0.23090445
BAT1831,36.00744287,0.234475804
BAT1832,34.60932576,0.232505677
BAT1833,34.62640607,0.235135544
BAT1834,34.37143985,0.235820332
BAT1835,34.6438608,0.232210143
BAT1836,36.29335411,0.235186525
BAT1837,35.60622218,0.232189078
BAT1838,33.82612982,0.238266232
BAT1839,34.2283522,0.232514086
BAT1840,35.16125085,0.236052175
BAT1841,33.89428504,0.23578758
BAT1842,34.04191729,0.234832176
BAT1843,36.13929917,0.232958914
BAT1844,33.96509149,0.234097205
BAT1845,35.64713175,0.230192824
BAT1846,35.99768452,0.23504884
BAT1847,33.78437022,0.235399231
BAT1848,33.70286766,0.235066999
BAT1849,34.32989516,0.228953388
BAT1850,33.57608687,0.232468727
BAT1851,34.67951709,0.233603818
BAT1852,34.26344224,0.235783318
BAT1853,34.86210171,0.235878678
BAT1854,35.89411846,0.235059552
BAT1855,35.04920454,0.236770491
BAT1856,34.7736727,0.233547515
BAT1857,32.38560343,0.23692047
BAT1858,34.61103487,0.236749484
BAT1859,36.11632792,0.236655109
BAT1860,31.1655907,0.235635919
BAT1861,34.80224831,0.239761488
BAT1862,34.06107265,0.237186391
BAT1863,33.3580731,0.234363328
BAT1864,35.00146768,0.236896611
BAT1865,35.90285796,0.238004967
BAT1866,34.95908644,0.235423783
BAT1867,33.78247305,0.238878544
BAT1868,33.22817938,0.237564067
BAT1869,34.15296775,0.232215043
BAT1870,34.69125309,0.237599344
BAT1871,33.67479091,0.236287942
BAT1872,33.38964353,0.23827436
BAT1873,36.57346318,0.23918843
BAT1874,34.85401019,0.237790324
BAT1875,35.04856395,0.240830504
BAT1876,32.17408676,0.237242586
BAT1877,33.08046923,0.238949636
BAT1878,33.71189856,0.239409885
BAT1879,32.69558655,0.237705308
BAT1880,35.1975161,0.239557549
BAT1881,35.12536521,0.236910654
BAT1882,33.18490046,0.237354863
BAT1883,35.25298634,0.235675023
BAT1884,33.69139754,0.238882818
BAT1885,36.11354064,0.239150503
BAT1886,33.77062513,0.240958526
BAT1887,33.95482575,0.24028228
BAT1888,34.96158558,0.238230409
BAT1889,34.60382894,0.236543641
BAT1890,33.82444161,0.239865701
BAT1891,33.29338535,0.241321506
BAT1892,33.77250165,0.24071037
BAT1893,32.34383323,0.241468955
BAT1894,33.44595376,0.238976221
BAT1895,32.19574985,0.238566762
BAT1896,31.56911434,0.238126197
BAT1897,33.07748249,0.239588207
BAT1898,34.56134689,0.239642818
BAT1899,33.96221424,0.240313355
BAT1900,32.95447895,0.239741405
BAT1901,34.67472904,0.239832745
BAT1902,32.5039172,0.238646612
BAT1903,31.03895095,0.242183238
BAT1904,30.72977635,0.240553036
BAT1905,31.65987038,0.240151112
BAT1906,33.60737046,0.239105141
BAT1907,32.18923389,0.238036174
BAT1908,33.36019206,0.243415928
BAT1909,34.40728201,0.242009277
BAT1910,31.5226262,0.237752164
BAT1911,33.29097243,0.242626285
BAT1912,33.27989881,0.243044962
BAT1913,31.84160439,0.241548752
BAT1914,33.91245575,0.244596222
BAT1915,32.32511154,0.241933439
BAT1916,32.06966433,0.238766353
BAT1917,34.54699512,0.242430338
BAT1918,33.12599964,0.242289795
BAT1919,33.31572424,0.240693406
BAT1920,33.70682892,0.243147118
BAT1921,31.74037715,0.238764669
BAT1922,33.5472172,0.244181134
BAT1923,31.67647039,0.240543757
BAT1924,31.67227341,0.240430108
BAT1925,31.94772063,0.24227235
BAT1926,31.56038169,0.243465946
BAT1927,33.04155661,0.243027848
BAT1928,32.46439137,0.241314682
BAT1929,31.62497536,0.241887821
BAT1930,32.57180912,0.240733915
BAT1931,31.85280406,0.24265064
BAT1932,31.61792754,0.245350042
BAT1933,32.093295,0.243291474
BAT1934,32.62997843,0.245118829
BAT1935,32.35650693,0.246410803
BAT1936,31.78362864,0.242423963
BAT1937,32.64998627,0.243326853
BAT1938,31.51174067,0.248142386
BAT1939,31.19824961,0.246788687
BAT1940,30.35572243,0.240655191
BAT1941,32.54405017,0.244874297
BAT1942,31.84473496,0.24420112
BAT1943,32.10564573,0.245952906
BAT1944,32.55974368,0.242910042
BAT1945,31.06152661,0.242820783
BAT1946,30.26984364,0.243247859
BAT1947,31.59454185,0.243556143
BAT1948,31.71444651,0.246430648
BAT1949,31.3104269,0.242537598
BAT1950,33.05994387,0.243754772
BAT1951,28.82161771,0.241521975
BAT1952,32.4294097,0.247214236
BAT1953,32.15918519,0.24784206
BAT1954,31.89629492,0.244745853
BAT1955,27.79137705,0.244904101
BAT1956,32.58813095,0.246506444
BAT1957,30.34188381,0.248648964
BAT1958,30.69663313,0.246617221
BAT1959,30.88977422,0.244504916
BAT1960,31.46131986,0.242762355
BAT1961,31.82038068,0.243869747
BAT1962,31.94896514,0.246346439
BAT1963,31.91081491,0.244989345
BAT1964,31.30979687,0.246789935
BAT1965,31.72092761,0.245394152
BAT1966,29.98138574,0.244483707
BAT1967,30.19982055,0.244345937
BAT1968,31.90841981,0.249924709
BAT1969,31.71372171,0.248677975
BAT1970,31.61936086,0.250461036
BAT1971,30.17142889,0.248179902
BAT1972,31.65405379,0.246340017
BAT1973,29.72827917,0.249946682
BAT1974,31.86584891,0.247333864
BAT1975,30.51652832,0.247941684
BAT1976,32.48794587,0.247514351
BAT1977,29.13864429,0.241806192
BAT1978,32.51535466,0.25100947
BAT1979,30.40676035,0.248882008
BAT1980,30.15186685,0.248659646
BAT1981,30.74444435,0.247976448
BAT1982,29.84607835,0.248526856
BAT1983,30.27920445,0.247105442
BAT1984,29.75994982,0.249633159
BAT1985,29.76758669,0.245885803
BAT1986,30.76770654,0.248972137
BAT1987,29.42917683,0.249823147
BAT1988,29.48908007,0.248402662
BAT1989,29.04900867,0.249641736
BAT1990,29.77572071,0.247017331
BAT1991,31.5329696,0.247168346
BAT1992,29.43739128,0.249673434
BAT1993,29.45369323,0.250657099
BAT1994,30.51397985,0.245650269
BAT1995,29.80230418,0.250544041
BAT1996,32.42411786,0.248513597
BAT1997,29.90921937,0.249314388
BAT1998,30.45846656,0.247120964
BAT1999,30.96535062,0.248196766
BAT2000,30.88273545,0.251932251
