Temperature,avg_soh
9.902439221,53.05108504
10.29805683,56.02431499
10.39324758,67.20179477
10.51872311,83.61197373
10.63868893,68.84236804
10.7572869,85.93069342
11.48383854,63.08135703
11.8212613,35.85560084
11.97893072,46.18726907
12.04478854,74.78228322
12.18833171,49.37498545
12.23039433,73.7516211
12.34856239,56.48447531
12.35219961,31.72092761
12.50297143,81.12235994
12.80591421,52.1707176
12.8787987,67.73497056
12.88060337,85.90791004
13.18533782,66.69130494
13.51909523,54.12168081
13.76555333,35.60480133
13.90349814,39.03139402
13.94069044,47.56661475
13.97216971,35.29286016
14.00597022,87.22019215
14.13665227,63.55692732
14.23304943,81.5364494
14.2332854,44.72775584
14.23554704,77.51966267
14.24092299,61.73804048
14.32162893,58.62951812
14.3907255,64.08957966
14.49986746,31.78362864
14.79132566,87.12125011
14.98068818,54.54922067
15.00899658,85.49505211
15.03132179,76.48891881
15.10350095,57.33005846
15.12266717,74.32944395
15.14948091,48.21798901
15.16821705,73.83451516
15.18687154,31.56911434
15.40163422,38.03123074
15.53192667,55.22404917
15.55229635,87.68502146
15.59075477,60.56237128
15.60037807,35.49407079
15.61723647,35.75347216
15.62413765,59.56925088
15.66730024,47.34010058
15.66731691,69.80882973
15.76906069,41.42323303
15.81897313,75.64971391
15.84683552,61.17381398
15.98430162,61.11438076
15.99009781,75.47291546
15.99471133,56.58853616
16.10706208,47.85515183
16.11882384,43.78323852
16.13483766,56.30036447
16.15462048,53.15436779
16.15780317,68.70777763
16.19595594,71.26860482
16.1961862,70.19998483
16.25734013,58.93478665
16.30143111,82.82421471
16.37096636,44.9505937
16.46321021,42.06168401
16.53521593,79.73487195
16.58280904,58.64904972
16.65707963,84.0857866
16.68754006,58.08449154
16.69519533,95.75502453
16.77300627,79.62562464
16.78405594,49.10724862
16.91844696,63.58311363
16.92434092,68.29748488
16.93219301,72.94513648
16.96169486,48.98604146
16.96220068,52.02378777
16.9671145,41.46376957
16.99017094,63.11958744
16.99548011,51.16283546
17.00937824,47.09347533
17.02648466,69.87046383
17.03503133,79.65480517
17.07008344,37.9670073
17.07932028,60.52435524
17.08048588,87.25232515
17.09404649,59.73794406
17.11803922,83.91243888
17.14561924,57.3031731
17.14749698,81.19409435
17.17598614,34.56134689
17.17879194,44.68074175
17.18404596,66.83589923
17.18727072,67.86202151
17.21709051,85.20904544
17.22052177,76.91594352
17.23120617,50.00409017
17.25690851,30.51397985
17.32213938,33.36019206
17.34446249,41.47753874
17.37171843,69.47638373
17.37237415,87.87576343
17.38406548,89.27883517
17.38820407,42.34505295
17.41063127,43.41301968
17.42127943,93.2989245
17.43142804,58.81950228
17.47639813,61.06741148
17.48459849,44.67100372
17.48514836,55.6955145
17.51735372,43.08672784
17.57219813,95.71310802
17.57551016,75.07247454
17.60544216,74.45157157
17.66237367,52.54340603
17.6781256,85.63955242
17.7122425,61.94842533
17.74412155,46.47532737
17.7517739,41.0291042
17.75704293,36.46793213
17.7599305,90.96352633
17.78072592,51.61799107
17.79974559,80.77033573
17.80861011,65.98412535
17.84612449,88.63191607
17.88021424,49.49763105
17.89094667,70.90937273
17.90817134,69.99125048
17.93142752,77.42483034
17.96841268,60.35516974
17.9721649,33.22817938
17.98697364,79.69633495
18.00346913,32.62997843
18.05213767,81.09696582
18.09477698,40.04807986
18.10190918,54.20855788
18.10340386,91.80536469
18.1119125,37.56295002
18.14049429,73.95432583
18.1509851,78.31810539
18.16431097,33.77062513
18.16560651,75.96122222
18.17022144,41.99920825
18.18412998,48.73499472
18.2007193,90.24847111
18.21709098,66.98002347
18.23664857,42.50603193
18.24462817,37.72778407
18.26436855,72.02672373
18.2701016,62.63807276
18.27064538,51.31881561
18.27774744,93.56538117
18.306971,40.2028103
18.32327821,99.41583684
18.32987253,78.99625756
18.34383523,76.85398498
18.34843187,47.25153514
18.36763936,40.82737993
18.36976157,43.0445017
18.38455103,80.51726473
18.38771022,38.53263122
18.39988744,61.81428764
18.40376403,36.84808495
18.43890403,33.12599964
18.44081884,75.84324354
18.455898,54.27355602
18.50209382,41.66948162
18.51584026,72.68529063
18.52659262,83.44456288
18.53363521,46.29393484
18.53868652,41.39608135
18.58503888,83.96075694
18.59847801,88.56580017
18.61625712,94.80698941
18.69917617,49.07657911
18.70747545,39.57056397
18.71211071,49.02339648
18.71746553,38.67164114
18.72855288,66.2887953
18.73803278,46.53926137
18.74230288,87.58559162
18.74796133,48.65051206
18.77141312,37.54414822
18.78068382,78.73227932
18.80370803,53.98624756
18.80446462,50.52912061
18.81168789,41.11293614
18.82825564,58.2079884
18.83738343,34.96158558
18.85225203,54.50155096
18.86196092,83.68493525
18.87117168,84.85539341
18.87850882,70.8900623
18.88029867,78.0387228
18.89643787,51.93969422
18.94414035,46.53038398
18.95152629,76.26898635
18.95179491,77.74659362
19.02058469,70.24534107
19.03037497,58.74471953
19.03181584,58.77862506
19.0516667,35.74505172
19.05294054,50.47697715
19.0620079,80.36322341
19.09593592,50.25079703
19.10480104,63.50365829
19.12202697,35.12536521
19.14943487,76.62446511
19.15041582,68.79088784
19.20817655,86.09434998
19.24492958,31.90841981
19.25602982,45.59587841
19.25868356,43.04425982
19.26827303,81.60979737
19.28136896,58.72807289
19.28497544,81.81945283
19.29155443,70.9868441
19.30583441,50.1769344
19.31157165,34.60932576
19.34555782,39.15539673
19.34692333,30.40676035
19.36616266,58.0307138
19.38638989,92.75387178
19.38727597,41.16311904
19.40165053,85.7229986
19.40191283,69.91844593
19.4173778,42.94202479
19.44016487,37.50103125
19.44271022,50.12514029
19.47147666,56.73876031
19.48205341,81.31231749
19.48316697,75.97173249
19.48395817,72.17445389
19.49922884,43.595871
19.51862457,79.9115845
19.53843618,76.4913638
19.5403305,33.08046923
19.54149562,43.88112407
19.54516785,59.09168648
19.54800461,58.96349185
19.55183481,35.90285796
19.56377031,44.64862583
19.57087436,43.86228491
19.57424737,39.56813544
19.5947173,96.37832308
19.63628487,57.86166331
19.63930494,67.9099351
19.64071383,51.44381088
19.6447316,44.7629777
19.64957617,89.46838202
19.66098539,63.00830492
19.66233543,66.01095262
19.67443168,74.34722292
19.68803236,62.98935733
19.70546206,32.10564573
19.7315879,62.6145607
19.73292218,81.15228374
19.76544509,72.07872883
19.77595403,71.64140768
19.80047036,80.20241376
19.83738048,36.11632792
19.85314246,43.08830825
19.8616243,58.83766624
19.8674235,89.95341144
19.87906588,69.92028082
19.88603717,85.38495665
19.89383591,86.73544922
19.90167831,39.864564
19.91658436,33.29097243
19.92089091,66.68069756
19.92452904,48.8032186
19.92621635,79.26661373
19.93052024,37.54411367
19.95134648,67.50972422
19.95722658,32.19574985
19.96728717,65.22894883
19.97929617,91.26146115
19.98021314,42.21451951
19.98906272,50.94095764
19.99189995,85.66304277
19.99834338,63.3850998
20.00348884,65.27888071
20.0080728,68.12731465
20.0082298,92.78146658
20.00969686,43.95589307
20.02092303,35.94697518
20.02825313,49.95404692
20.04303825,81.45767371
20.05185932,80.15778676
20.05704446,78.68250712
20.06410236,61.22715606
20.08756303,79.93939993
20.09417234,46.80537798
20.12735348,64.05727349
20.132269,54.99749463
20.1346553,74.33885869
20.14171633,54.04729279
20.14192981,72.20600422
20.15827773,79.67731417
20.16511928,87.48657258
20.18120537,41.66694965
20.20280382,69.00940674
20.21424543,42.05615724
20.21781812,48.896535
20.2243871,64.65452286
20.2303029,46.58570325
20.23335696,67.06645992
20.25825998,33.69139754
20.30048449,52.73085346
20.30332303,77.53826693
20.32280649,61.34388888
20.3336602,74.32243197
20.3524457,42.33818189
20.36323433,63.2814525
20.36809435,39.30778606
20.37287687,35.34392036
20.37883428,41.97716566
20.38794908,66.21109479
20.39070093,41.51129357
20.39663203,77.91512494
20.40307704,57.02156848
20.40656744,37.02601788
20.40674027,91.46099825
20.41248589,41.98982566
20.41904042,39.04859339
20.4612191,33.67479091
20.4713385,57.47043872
20.48046179,78.98119693
20.4814907,64.22378451
20.48974223,51.39551818
20.49689633,50.03534044
20.50607976,47.10590989
20.50766009,75.61548751
20.52326839,36.43905782
20.52465079,33.18490046
20.52696349,96.35667963
20.54403887,60.54730584
20.56253911,68.49404251
20.57598643,74.67066006
20.59062674,54.04324227
20.60092823,31.89629492
20.61008707,68.06655721
20.65168459,51.00453054
20.65853634,37.94143346
20.66434892,53.37017025
20.66912576,58.59917197
20.68612118,44.10623837
20.69456045,35.99768452
20.74296783,39.1039286
20.74739773,71.1334484
20.76183036,33.3580731
20.76519326,81.1938306
20.76821673,63.9250173
20.78376702,61.01445967
20.80395166,72.19969532
20.82326473,79.93600631
20.82428549,50.28250154
20.83822213,92.2197943
20.84088896,39.9676394
20.84777797,43.74098394
20.85751488,52.43813359
20.8620489,66.17206657
20.86559823,66.46842122
20.87294735,39.60702834
20.88790034,50.69260239
20.9037107,52.35575666
20.90785667,31.85280406
20.90900558,67.2000782
20.91455684,54.76194924
20.91532165,89.40331724
20.94571244,49.14703638
20.94873781,66.38069749
20.9519824,57.27026002
20.95867139,45.00711909
20.97064967,56.78410152
20.9784212,29.84607835
20.98162716,77.42419305
20.98410525,67.34315006
20.99980718,35.9870632
21.00403997,67.77457426
21.00851378,89.95408232
21.01987072,59.0666877
21.0379004,54.13837294
21.06108124,56.78252183
21.0700527,76.68373168
21.07006984,39.21299332
21.07550843,71.45651293
21.07619046,34.95908644
21.08117167,42.33433604
21.13561166,54.94493247
21.15013384,77.54664397
21.15428825,54.04177715
21.16101217,93.20380297
21.16671706,39.85092043
21.18356948,39.92315665
21.18637611,52.56728819
21.20752333,42.0629832
21.20858966,32.51535466
21.21602456,74.76595349
21.2212742,76.70318274
21.22862075,82.43434089
21.23017706,82.03767858
21.23291065,72.74644263
21.23921797,60.88632061
21.24015334,59.65231025
21.24104475,66.31209174
21.2639416,67.92917075
21.26710827,29.43739128
21.27548678,53.43787949
21.28757884,31.3104269
21.28764707,60.35323778
21.32235029,77.12991617
21.32704212,67.27950384
21.32913101,35.60622218
21.3453498,89.13760602
21.35998529,67.21462197
21.39131223,41.85232504
21.4042334,59.24061493
21.40796367,79.19951264
21.4158884,68.1306141
21.42120005,40.04528762
21.45210073,37.38184665
21.45796617,60.87978608
21.47494072,79.1034923
21.49004156,78.68154488
21.49939593,90.85630601
21.51614091,33.29338535
21.52643434,53.00020146
21.53547401,79.35257515
21.5378951,61.46624733
21.54045965,86.89814454
21.54729474,39.73503706
21.55136113,37.93442772
21.55406091,85.46449092
21.55924827,82.90734271
21.57685087,48.32121096
21.59007876,87.78900814
21.59474171,89.23084193
21.61127515,61.03984205
21.61142315,72.61761022
21.61217674,45.36366425
21.61803849,88.1019223
21.6214596,47.4597222
21.62410863,54.9346258
21.63254688,78.9377407
21.64188316,84.14246239
21.64689895,58.59749265
21.65463631,73.50159169
21.65927957,68.06756535
21.65954773,77.15891637
21.68549541,79.75621645
21.69008911,47.34308827
21.6983943,41.91796509
21.70941755,52.05451667
21.71082723,35.04856395
21.71552861,73.1390667
21.72962158,60.7114674
21.73116831,55.37736102
21.7368801,86.63931266
21.73955556,35.00146768
21.74290998,86.29390736
21.74321553,71.39377448
21.74988033,43.45143483
21.7499871,57.97547957
21.75313481,48.37440458
21.75361227,78.66404467
21.76229097,47.2565785
21.76531611,86.49586091
21.76886345,58.90127929
21.7701791,66.0161818
21.78225084,65.27332967
21.78240885,73.69243165
21.79256545,46.9391683
21.79259202,52.99439057
21.80519126,82.10220969
21.81130008,92.11798473
21.81306436,90.60454035
21.82318806,35.06122531
21.84211135,29.75994982
21.85368303,40.78215184
21.86641388,53.82216975
21.87161356,36.70884323
21.87218649,84.75033509
21.87827305,35.83156188
21.8811552,84.03084508
21.88429737,93.26781528
21.88675319,61.71924189
21.89576201,55.85790461
21.91174052,50.61517241
21.91373407,46.16323058
21.91819296,49.60924069
21.93298668,74.45826661
21.93605655,90.83993701
21.93781313,60.5618847
21.93881633,37.99106417
21.94115455,60.11781738
21.95108548,70.50501917
21.95243899,76.27406827
21.96089006,66.24394113
21.96649853,34.92077632
21.9706959,40.42211498
21.97142538,72.42916923
21.9719223,73.38821184
21.97627668,36.07094615
21.9889397,67.85962361
21.99316178,80.02498417
21.99788217,45.83482393
22.01244903,43.76885301
22.02169353,54.52711203
22.0376787,58.01826854
22.03822022,31.19824961
22.08461281,71.6775819
22.08620671,50.77396742
22.09159543,77.66084921
22.09738275,71.94630641
22.09973379,41.39701244
22.117448,75.07890306
22.13149998,86.41845772
22.13199114,48.9886319
22.14410505,87.49761862
22.14626853,89.33064831
22.17612998,36.77530874
22.17876201,70.28252235
22.17960685,88.45728174
22.18915987,55.71872477
22.20539076,87.78754825
22.20849123,44.09764629
22.21254107,77.33704047
22.2226144,92.28797659
22.22400237,90.20764676
22.23205879,78.87853206
22.23888478,91.61053864
22.24070927,69.06757331
22.24407142,70.01793311
22.24731575,51.03528383
22.24847423,83.24636892
22.25221432,39.45325411
22.25637546,58.45825036
22.25856352,41.65697434
22.26659958,41.93058915
22.26877776,74.80334142
22.27942999,51.71915243
22.286631,55.95163424
22.30579072,33.44595376
22.32018277,64.24971936
22.32099268,42.108809
22.32335907,61.94605444
22.32382394,87.73643713
22.3364958,69.04053472
22.34501522,93.79505349
22.34514551,32.58813095
22.34565614,90.34801882
22.35473661,67.95688766
22.35691659,70.7600601
22.36982579,42.61108406
22.37955801,51.9491057
22.38569986,91.93482469
22.4119435,90.331784
22.41355775,93.73639727
22.41785178,29.04900867
22.41977636,94.76334982
22.43393217,48.86743807
22.45518187,53.53126436
22.45929901,52.82540041
22.47126648,31.84473496
22.47612539,64.01340932
22.47910084,47.15696798
22.48512615,39.134053
22.48972888,87.88509015
22.53121708,84.0809035
22.53438589,39.26422907
22.54048776,35.61848862
22.54181907,54.29437267
22.54423126,29.80230418
22.55280279,90.09902116
22.55575289,68.25493749
22.56044296,74.48271405
22.56385718,45.48322538
22.57347082,33.05994387
22.58057083,86.40925437
22.58406769,85.04456385
22.58469474,61.65363703
22.58628239,65.77666724
22.60253516,33.57608687
22.60581272,42.72814103
22.60625689,94.23809712
22.61889563,53.20173983
22.62548172,64.46176591
22.63080326,56.14495802
22.63954711,57.01077239
22.64978926,48.11819963
22.66149399,85.32204494
22.66981749,68.88011562
22.67097215,29.72827917
22.67344772,54.75399365
22.67691351,62.84333866
22.67797869,46.20425629
22.68862356,95.66775588
22.70557869,87.23609688
22.71349172,35.34955113
22.71451872,69.02030452
22.73375795,49.99509587
22.73385975,69.69943441
22.7384684,88.23485347
22.73954834,46.78044254
22.74170262,32.48794587
22.74905368,50.42585787
22.76339052,65.41160276
22.76783193,90.32835031
22.76908283,87.05671867
22.77248739,93.08778443
22.78358874,74.48045372
22.78477989,34.32989516
22.80134471,93.38476158
22.8127085,71.27779083
22.81617881,40.51307316
22.81640132,46.30765477
22.81807055,57.60092477
22.82256815,62.78330917
22.82751886,94.99420159
22.84189844,63.97470996
22.85297229,79.17154747
22.85348888,61.60147847
22.8537779,48.29389364
22.8594242,81.8475247
22.86821202,65.99438304
22.89619103,46.3513755
22.89906591,96.09282313
22.91316593,37.35601818
22.93267419,43.22273201
22.94592856,57.99580247
22.95358781,53.41373302
22.9594958,34.72947297
22.96481844,46.54324438
22.98175768,64.83734621
23.00181907,69.73879164
23.03330594,90.39616321
23.0399368,43.14082443
23.04120925,62.88460671
23.04175716,55.56089327
23.05740773,55.78640281
23.05911591,72.94569103
23.0614922,92.37936293
23.06434675,37.73023786
23.06450149,42.93905083
23.08014364,43.34101219
23.1043613,77.33782192
23.1240181,49.66716864
23.13583424,70.77194065
23.13896612,68.05885637
23.14692834,82.8185123
23.14745951,33.78247305
23.14994485,57.5781657
23.15194832,54.10945073
23.15236536,41.42593873
23.1536143,43.47937832
23.1648608,67.11769045
23.16587794,65.91396166
23.17339224,70.81856072
23.17523635,72.21471591
23.1858072,93.29092775
23.18779529,82.86042724
23.20115677,40.36788112
23.20353955,89.79746659
23.20829924,47.03324844
23.21277289,46.96653813
23.214854,44.26088794
23.22979645,49.98217294
23.23416854,64.59249774
23.24292882,31.62497536
23.25341602,62.36751297
23.25371148,82.91202569
23.25673933,84.34111824
23.28403862,55.98816117
23.31457014,74.62515092
23.32431109,30.34188381
23.32612334,65.49853935
23.32961385,41.57757203
23.33090255,54.89844299
23.34345808,38.76514718
23.35276107,31.03895095
23.35690762,50.72759921
23.36052642,52.95634244
23.37584308,81.36534098
23.38660081,72.2734099
23.38839765,64.10905868
23.39182474,82.53363106
23.39666187,43.77479108
23.39826346,86.21362734
23.40076238,49.90838506
23.40473032,61.11538803
23.41142452,48.30104656
23.41795775,76.356362
23.41963572,52.3350798
23.43235157,37.23407254
23.43470985,45.54504789
23.45395461,61.82911797
23.45413938,93.73388982
23.45441768,76.59187083
23.45758606,37.51744161
23.45982858,58.48514899
23.46019235,53.40793709
23.46110883,88.87120113
23.47387648,75.01927248
23.48136986,53.45957048
23.48410109,63.00088095
23.48765157,76.45578099
23.4897725,32.5039172
23.50161676,37.7326184
23.51218248,80.76776653
23.5169627,29.98138574
23.52259841,57.10496223
23.52299295,65.13685424
23.52455043,37.05285107
23.52525161,79.27778694
23.53016526,44.72550666
23.54094366,64.3105992
23.54862728,76.76620869
23.56997889,56.30899186
23.57562253,32.42411786
23.59107696,91.96838849
23.59336221,66.73111026
23.59449854,86.32365389
23.59662462,80.87804168
23.60119916,37.4205572
23.60518535,40.66692509
23.6159335,74.98889206
23.64172445,41.96059812
23.64438199,68.4219007
23.65734676,59.66108094
23.66673835,49.54621122
23.67742579,52.89029536
23.68275892,32.95447895
23.68554585,50.19872666
23.70226661,62.66855185
23.70478927,83.75916894
23.70547513,64.07755381
23.70601969,57.88387285
23.71311731,84.08563657
23.71910124,29.90921937
23.72522103,38.55032605
23.73823249,63.5457223
23.74230557,45.1240353
23.74583492,73.55503793
23.74976743,56.7207239
23.75654437,71.26904109
23.76411309,87.13719678
23.7648715,45.69972147
23.76968756,61.73165387
23.77921682,83.29285924
23.77959763,33.27989881
23.79251277,30.45846656
23.79371173,62.44466112
23.79381971,88.55844868
23.8053395,63.68173651
23.82689715,36.06159516
23.827961,39.35388897
23.8299007,50.01490408
23.84566813,40.68806372
23.84799643,40.55740844
23.85100185,36.80886008
23.85304628,40.0064855
23.85700042,49.83387217
23.86757951,70.42125648
23.86760554,67.9759019
23.87572009,59.35564609
23.87617299,74.72205805
23.87683425,79.8649202
23.88267009,61.66098879
23.88398873,47.61644472
23.89373188,72.42059864
23.89517913,86.38490576
23.90977052,34.06107265
23.91491475,36.83229422
23.92539485,58.39550316
23.93005578,94.33290139
23.93278565,75.6701248
23.94434881,58.62373662
23.95338161,74.34799564
23.9534309,39.8684444
23.95389063,57.11333701
23.95488371,70.12994082
23.95941571,57.0038588
23.97070285,31.5329696
23.9776439,31.61936086
23.98163125,68.41522325
23.9820982,76.49405258
23.98509681,36.44640246
23.99254233,34.62640607
24.0133079,54.67227698
24.01766708,29.77572071
24.01825075,84.80424626
24.0254586,54.85447567
24.03086931,53.96637135
24.0317027,70.56993974
24.04486119,51.02305094
24.04548104,47.52442281
24.046588,80.97701218
24.04980482,48.06666507
24.05439805,46.32363042
24.06427867,65.42211934
24.06514349,74.29133584
24.06564178,93.84649987
24.07356171,77.76689791
24.07737321,35.14297616
24.08401691,44.86275267
24.08551779,67.60012015
24.09387913,48.00709636
24.09760043,66.2800288
24.09804159,47.3021771
24.11526386,88.72057073
24.11612918,29.45369323
24.12057094,61.14670564
24.12072798,48.423933
24.12520122,77.41581755
24.12822871,40.53420007
24.13464088,82.06904452
24.1352697,75.62893164
24.1368635,83.86759791
24.14907689,68.78127001
24.15589138,63.07375437
24.15928091,55.50831968
24.16439143,72.1094015
24.1644096,91.84216895
24.18466518,54.50074318
24.18603547,50.48741509
24.19933602,60.79451026
24.20735213,74.37462912
24.22050911,41.77266842
24.23765082,78.24316615
24.24363358,54.82542453
24.24581144,31.86584891
24.24972206,82.64621226
24.26109841,50.86204251
24.26198707,68.36726584
24.26498999,77.67898699
24.27740665,53.11878823
24.27956222,76.60177337
24.30205186,83.47721913
24.30276862,52.13420764
24.30772008,70.84193696
24.31275743,60.06391088
24.31314106,51.39096895
24.32751608,33.91245575
24.32845629,57.83083276
24.32860419,52.01886104
24.32991417,70.44362895
24.33683127,61.59669295
24.34263702,42.47897187
24.34371516,57.82937934
24.3508965,78.77073248
24.35731244,58.69195375
24.3622544,44.732706
24.3727287,36.74488142
24.39126246,69.3687208
24.39525926,72.44101482
24.39809418,63.3115332
24.40965737,67.01769765
24.44386969,78.36528914
24.45195098,58.24782151
24.46348928,55.3924761
24.47025823,55.07622519
24.47775391,63.46053762
24.4837262,50.17903431
24.48389124,51.96152451
24.49922962,68.25251791
24.50412068,89.29608903
24.50555173,76.31238021
24.50705934,60.74100646
24.50830187,80.54869158
24.52352234,89.88861357
24.54733359,62.95543093
24.55132153,87.073024
24.5581852,55.25492858
24.55858976,78.68750602
24.58281015,39.30049998
24.58447214,62.07459277
24.58659657,68.62966343
24.58924411,86.34068552
24.59238663,46.10339072
24.5964171,83.10359987
24.60179304,65.05711087
24.61081401,65.47144284
24.62024488,49.71122939
24.62117857,50.28746478
24.63026217,30.51652832
24.6419937,83.45856271
24.64200374,44.94259737
24.64750611,75.4401999
24.64917144,96.36009041
24.66410855,40.91289628
24.66933693,47.13595124
24.67124869,89.60632467
24.67930827,81.65294827
24.68237713,35.7112945
24.68703436,78.81291528
24.68904492,41.07175687
24.691179,30.96535062
24.69669593,60.83421382
24.71190601,80.92123369
24.72115461,76.68445362
24.72553,55.37996308
24.73439673,35.47175578
24.74303138,56.3635208
24.74897691,36.65267379
24.75268145,93.58164274
24.75673824,41.80230569
24.76144322,87.81273567
24.76539711,85.07809392
24.77206992,86.87069566
24.77294391,38.7353708
24.78261525,40.09765522
24.78588309,36.14963454
24.79921025,87.44700616
24.80222423,95.56328496
24.80346356,31.84160439
24.80745765,84.46894834
24.81388882,83.6501023
24.81481601,60.86820413
24.82179259,69.18147123
24.82657556,93.22127709
24.83193718,29.42917683
24.83385005,60.0570906
24.83436514,90.63066865
24.85368593,57.15220293
24.86242547,69.28365642
24.8634773,73.63317887
24.8673937,52.19104069
24.86797122,58.4434584
24.87212844,53.45443377
24.87222965,83.73515884
24.87486521,76.14095279
24.87822704,84.78341466
24.87902197,65.92578827
24.88223925,40.46147139
24.88565969,64.82267906
24.89316353,67.54298855
24.90181101,78.63914971
24.90290197,63.39450534
24.9036981,48.99985094
24.90645622,54.53666221
24.91788552,91.17601868
24.92345075,72.01442156
24.92773865,55.26098344
24.93081127,38.89535505
24.93955526,47.4939848
24.95349839,53.49515912
24.95440502,77.17266075
24.96739342,34.37143985
24.96964544,74.41142393
24.97201991,43.23596121
24.9819873,86.04453084
24.98312771,68.52092681
24.99645703,46.68355846
25.00103532,52.57031131
25.00263979,53.12215393
25.00602738,53.5288482
25.0152301,73.8455208
25.01687753,37.38528237
25.01847836,30.26984364
25.03211135,58.34497703
25.03399922,49.33454415
25.03531579,44.02229452
25.0517631,76.51512903
25.07136534,47.80678557
25.07344097,72.27586549
25.07789524,79.74062306
25.07809167,34.15296775
25.09424811,59.18519107
25.09573889,48.17565843
25.09808329,49.1200157
25.10396854,66.23242613
25.10443244,50.06270728
25.10635788,72.02438931
25.10655824,59.98183712
25.11232946,47.54771122
25.11951522,32.46439137
25.12109728,65.12077025
25.1269421,37.77435709
25.13442919,86.87288493
25.14090579,75.13967089
25.14159188,97.01138033
25.14372411,88.9957399
25.1487807,96.61906275
25.16002075,73.69567389
25.16398498,40.8314918
25.17041734,77.48112862
25.17076209,46.20926614
25.18968918,39.0869058
25.19001739,85.74789282
25.19118997,36.59784959
25.20295846,78.03788196
25.20459588,50.86962733
25.21757334,31.91081491
25.21801223,59.30113978
25.21905736,79.59939152
25.23218274,87.73855606
25.24430035,81.89293202
25.24886844,42.59602655
25.25443851,49.93389746
25.25972943,82.36820236
25.27467055,36.01895361
25.28324962,77.62493928
25.28506562,73.31753779
25.29011367,34.9243144
25.29815185,86.33442945
25.29966315,54.6813409
25.30839925,65.98294803
25.32237207,75.79652065
25.33495359,68.02468626
25.33927755,66.75659138
25.34672169,40.71833912
25.35026082,61.78759023
25.37716819,61.10324352
25.37977634,40.52359803
25.38002696,76.90564308
25.38410946,82.1293402
25.38425941,58.52968908
25.39317595,81.38358251
25.40914679,77.67463135
25.40997778,33.82612982
25.41141995,92.30213161
25.41219876,62.24224239
25.41913314,36.13929917
25.42659071,43.39537733
25.42843581,34.35583427
25.42946503,37.28984677
25.43071942,65.43354794
25.44203443,69.70207359
25.44328795,51.27537977
25.44790341,56.32226111
25.46422451,60.44967444
25.476721,33.96221424
25.48060388,95.932409
25.48991577,55.89326756
25.50928148,49.97699605
25.52100552,80.46296709
25.52177969,48.03179547
25.52687753,77.98836217
25.52947227,45.35010159
25.54279853,59.1968075
25.56635205,66.41034966
25.5751304,60.79906278
25.59790184,72.65534145
25.60015663,85.27534298
25.61148752,78.21320433
25.61335158,66.29706171
25.61602403,60.28633534
25.61773848,30.35572243
25.62612251,79.84481275
25.62788227,80.95224714
25.6318979,62.75081847
25.64052207,88.10126457
25.66484837,89.99375344
25.66770452,76.09527142
25.68267666,74.39710959
25.70443123,68.34721626
25.70858457,75.85344829
25.71471547,58.2001196
25.71694234,43.27125429
25.72443917,33.04155661
25.73356843,89.94685943
25.73396506,61.38820185
25.74333729,74.38696634
25.75209453,81.92612785
25.75878996,47.21894626
25.76177436,54.36890955
25.77595342,52.7823311
25.79928196,60.26308235
25.80009113,42.31332223
25.80286991,73.47212997
25.82380421,48.94685257
25.83226104,92.15257085
25.84230488,65.32331622
25.84327336,60.53464332
25.84680412,75.87833512
25.85208111,75.55508434
25.8591967,32.69558655
25.86670832,51.10426292
25.87605709,38.2777647
25.88220778,67.04580056
25.88410436,41.70237394
25.888505,100
25.89790891,63.03681826
25.89947076,78.50140642
25.90510779,72.3991235
25.9167996,73.35514327
25.91924772,54.44276502
25.92275652,68.90074408
25.92340153,72.73802008
25.92370289,49.53492397
25.93304562,90.34313551
25.94790808,61.70680599
25.94853084,49.60518153
25.9524984,64.47054202
25.95317796,32.38560343
25.95549534,89.17790046
25.96024558,77.29221584
25.96794956,51.69504355
25.97044996,89.96368431
25.97192151,64.906282
25.97303728,61.38223624
25.97368097,54.01181637
25.97512492,29.13864429
25.98260585,87.92759864
25.98277388,95.30206589
25.98646133,34.86210171
25.98657854,53.40768458
25.98799802,86.64909055
25.98955392,85.07928992
25.99474073,45.14291525
26.00284599,68.04238542
26.00549523,81.99404314
26.00579828,62.53162043
26.0146151,91.56858423
26.03633665,39.99326394
26.03843844,96.37875183
26.04191404,88.30130379
26.04829708,53.42021432
26.05641846,36.3735294
26.06598314,60.28227942
26.06646854,53.08580165
26.08716437,83.6273148
26.09575164,89.96087766
26.11066886,94.11052976
26.11619457,53.81134163
26.11893976,90.22036454
26.11957067,79.18008663
26.12225909,84.77982514
26.12342363,69.88112649
26.12653961,39.84362183
26.1503538,43.58331797
26.15350453,48.40629547
26.16608066,61.52535861
26.16892956,77.89170784
26.17107366,94.24001967
26.19184491,62.75766897
26.1939458,84.01214437
26.19623432,56.16315015
26.1970225,40.41340187
26.2037659,70.08829677
26.20660967,30.19982055
26.21669725,86.82993545
26.21900357,87.11189412
26.21976599,51.05883027
26.23252389,48.62658451
26.24654298,31.94772063
26.24691842,91.10320761
26.25100103,45.78830573
26.26582619,29.76758669
26.26869831,56.67755493
26.27691878,37.80283489
26.30140253,42.73254131
26.30160919,59.75232606
26.30221132,32.34383323
26.30336883,86.34642938
26.30625266,43.32095486
26.31280665,52.66525769
26.31743608,39.97839302
26.32681175,50.40003862
26.32939115,46.6290725
26.33525133,93.86970589
26.33563326,59.35476794
26.33696157,76.15465445
26.34296139,73.63463996
26.34563471,55.73333069
26.35747655,41.03116576
26.35789419,94.93746519
26.38688469,53.64792034
26.39497081,78.85607141
26.39510763,89.08231854
26.40080579,57.0527279
26.40318202,37.33223653
26.40595712,81.50327144
26.41289975,71.24670854
26.41643936,65.73651646
26.42777037,53.98149204
26.42932695,91.43940577
26.43562083,59.38482318
26.44346815,59.14555009
26.44584322,93.25738269
26.46778966,69.77187689
26.47112065,40.07856837
26.48287773,34.67951709
26.49376454,66.75011545
26.4964629,74.00207244
26.5023718,50.54216556
26.5089595,68.08249449
26.51317733,80.84465484
26.51909298,38.96720242
26.53703349,70.77232814
26.5402527,56.1670852
26.54416506,71.54385627
26.54910355,76.9047821
26.55654337,35.89411846
26.58077979,33.60737046
26.59587255,61.42921642
26.59825913,42.9620616
26.59890967,79.35945311
26.60678608,83.93011569
26.60848903,76.08308814
26.61539637,67.34819538
26.61583857,68.66368118
26.62179641,62.95741387
26.62898158,66.66027714
26.63372382,53.16008953
26.63910586,37.59683503
26.63939762,39.03140337
26.64381205,80.35704457
26.65440116,77.35321167
26.65990165,64.04478902
26.66929983,32.32511154
26.67228395,91.69680011
26.67529015,31.65987038
26.69241922,64.72132129
26.70025647,39.61389375
26.70294608,42.11343773
26.71168917,30.69663313
26.71362673,88.44655162
26.71893941,41.45333822
26.73244238,84.97645941
26.73251941,84.79132217
26.73838242,45.6899395
26.74825024,33.07748249
26.7531505,61.49188807
26.75724104,54.94128168
26.76027698,89.45054557
26.77806674,46.59772643
26.80751763,59.33053261
26.81815941,46.74346096
26.82480501,81.64351445
26.83643657,61.51108883
26.83682753,68.02923059
26.83740833,38.5507719
26.83824646,32.35650693
26.84336654,89.0096213
26.84821096,56.52908901
26.86052736,36.22112518
26.87028285,76.82293246
26.88204763,52.18267585
26.88550197,55.39037487
26.88605938,89.08804917
26.90098926,97.69509735
26.90579192,73.49626218
26.90967726,81.81768397
26.91204873,92.65731256
26.93161659,31.71372171
26.9340426,31.74037715
26.94289302,75.45845677
26.94579598,35.40735913
26.94807089,35.41100837
26.95232425,53.85404274
26.9534796,40.37479961
26.95902003,73.61008078
26.96207984,52.85161348
26.9665892,77.20854699
26.96742693,84.94836521
26.97335765,70.35405215
26.97901767,85.61212836
26.98963525,31.1655907
26.99611561,85.05500815
26.99843976,71.69723307
27.01865045,65.18143297
27.02147377,46.36423916
27.03526144,55.15204575
27.04326406,42.59479454
27.04881398,35.64713175
27.04909328,64.94113536
27.06899549,79.16148261
27.0743275,31.82038068
27.0919911,45.31298152
27.09509505,76.57624177
27.09766222,70.84534155
27.10047245,36.02984441
27.10486472,40.91135277
27.10793305,42.42397094
27.10960377,81.26799314
27.11799533,65.99246283
27.12030522,58.25444646
27.12082973,86.59972387
27.12728781,87.74348388
27.12943603,47.73086198
27.13597181,60.56361887
27.14153549,65.3952315
27.1440825,65.67499294
27.1480911,96.31164206
27.15020824,83.28799605
27.15961272,55.14445467
27.16479913,37.45043677
27.18161835,86.45465014
27.18279902,67.58376348
27.18369276,47.96871261
27.18469085,72.70073364
27.19237869,48.91988399
27.19750615,45.20468434
27.20007225,89.03040989
27.20237369,79.26330312
27.20970325,60.28792496
27.22301334,70.71940393
27.2385428,88.33777646
27.23858463,56.42827073
27.26185898,65.68240041
27.26767151,81.78636965
27.27370456,29.48908007
27.27943886,72.78919457
27.2837661,86.35033176
27.28640202,34.2283522
27.28886433,43.63424422
27.2959004,97.92582556
27.29986071,72.20711492
27.31030447,44.41838443
27.31086333,49.03223284
27.31295646,45.30839198
27.31592398,34.26344224
27.31603146,36.11354064
27.31644265,31.94896514
27.33179187,49.04174359
27.33214991,67.86799802
27.33846586,56.20241745
27.34387128,68.53935536
27.34633795,32.18923389
27.35707778,91.45509748
27.36001135,40.17010658
27.36203139,48.21635083
27.36816038,38.40038358
27.37349116,74.9005203
27.38178885,54.03032866
27.38520414,82.76533755
27.39720759,30.88273545
27.40933031,39.17337003
27.41124476,39.19833072
27.41343944,37.49207905
27.42366409,65.08644684
27.43250822,74.63525396
27.43936142,47.5371515
27.44593565,62.95557851
27.45487476,71.08393646
27.46009424,41.97342233
27.46225632,93.16442394
27.47015093,84.21564526
27.47840944,80.72359425
27.48349612,54.9072951
27.48871545,43.92489511
27.49110874,49.38131715
27.49842555,40.77733064
27.49932062,32.093295
27.50332861,43.02436977
27.50422237,55.94694013
27.50547085,62.13748585
27.50891368,41.60116979
27.5273508,53.47262651
27.53637016,90.43875827
27.53917878,73.76329482
27.53995663,75.87618004
27.54362512,59.18251754
27.55396044,36.57346318
27.556013,62.73300958
27.5654271,53.28534273
27.56552899,62.8935461
27.56800053,67.29239727
27.56953925,64.61076376
27.57127378,40.88381752
27.57969609,66.97353833
27.58089144,53.46356402
27.60561214,55.05097085
27.61257053,45.65527486
27.61417744,84.5601668
27.64846377,75.36583314
27.67252824,43.2220713
27.67314543,36.43857057
27.68254922,75.2693287
27.68326376,72.28186634
27.6914804,72.6128074
27.69377996,77.30500754
27.70731364,75.04910361
27.71649015,77.8954631
27.71800077,81.96546688
27.73142124,56.86309136
27.73366784,65.24357889
27.73559558,49.87656271
27.73632399,39.12482209
27.74441918,37.68018976
27.7502605,79.87029569
27.75738138,41.9092172
27.75742688,62.24476287
27.76149969,34.60382894
27.76244977,78.92818277
27.7662561,35.1975161
27.77756323,39.20453023
27.77802233,55.67323987
27.78115005,73.12608547
27.7884553,47.34715101
27.78905153,77.56146343
27.79069757,31.30979687
27.79163456,77.68318502
27.79895224,98.01817913
27.80459724,57.91844511
27.8144043,32.15918519
27.8195456,79.92803997
27.82302963,38.91576506
27.82754823,70.72790547
27.8449154,77.24515585
27.8488364,87.54531998
27.85306499,39.35689175
27.86028721,41.19692232
27.86291391,87.12225626
27.87602508,43.89461397
27.8964575,75.0776858
27.89816587,64.49640095
27.91013284,33.77250165
27.91048852,69.07406063
27.91964093,91.50057701
27.9220649,48.06490266
27.93182009,70.95884127
27.93346901,62.73075847
27.94276635,48.28681941
27.94289202,71.00883032
27.95327415,89.24181575
27.95907067,51.87076862
27.96263475,69.74388611
27.96778361,54.85219448
27.97377171,80.78763929
27.98614109,35.25298634
27.98700035,81.51107065
27.99397195,34.6438608
27.99964365,73.76225516
28.00603374,53.30814472
28.01593716,51.50169355
28.02257663,47.38208376
28.0336153,44.75373845
28.03425297,36.69406563
28.03948255,87.72767028
28.0456906,78.17087115
28.05292873,97.62356247
28.06234397,31.5226262
28.06386953,81.71383194
28.06758986,85.46650759
28.07683742,62.62674079
28.07885575,51.93704139
28.08502975,42.85034781
28.09577131,67.26727432
28.09855723,33.49047707
28.10785945,56.44682733
28.11034995,33.31572424
28.11103572,50.91247445
28.11355612,30.15186685
28.12754008,32.64998627
28.12815467,33.82444161
28.14764792,30.74444435
28.15405842,71.27822806
28.16465909,90.75273366
28.1688844,79.54111354
28.17360734,63.70915013
28.17585901,85.84905646
28.17709015,53.55570123
28.19025551,57.06543863
28.19195963,50.75472575
28.19365111,81.45372232
28.20421431,86.21553817
28.2136138,84.77430041
28.22607793,53.0917867
28.22742091,90.13747099
28.2359797,85.03136343
28.24140217,70.95711783
28.24354944,89.99712274
28.25100589,86.76199553
28.25225046,44.39531645
28.25568121,35.42498353
28.25760996,36.00744287
28.26161439,83.548277
28.27950388,56.07607956
28.29272136,91.28219996
28.29622834,52.65711504
28.31440634,72.61010003
28.32962126,46.29805175
28.3315625,43.7637048
28.34170244,36.29335411
28.34370828,42.84646217
28.35240309,50.38880431
28.35670038,60.99704115
28.36286851,63.1264826
28.36430618,50.5043358
28.36590676,70.66698028
28.37409746,91.39937748
28.3893766,63.01229732
28.38962936,74.40417878
28.39571388,34.67472904
28.39686641,45.5913963
28.40108053,47.04702199
28.40750349,95.13592949
28.40945745,90.8244841
28.41026033,40.30405969
28.41664496,38.80260616
28.41784662,42.92388122
28.43159228,47.16682002
28.44853903,39.52029104
28.46459312,37.56566725
28.46552804,67.97363855
28.46739456,44.05413224
28.47768879,43.7845951
28.48193724,69.53672772
28.48477202,60.17468488
28.48951636,33.70286766
28.49111657,85.30435311
28.4941421,43.20264319
28.50586371,80.136973
28.5225327,33.89428504
28.54054338,76.44417753
28.54107212,58.70416475
28.54151924,53.3244108
28.54178224,88.31091124
28.54501879,88.2148018
28.54725909,63.45602166
28.57690658,48.40770831
28.59092863,50.0961479
28.59476655,72.69190643
28.59878971,48.98425123
28.60781253,39.71813173
28.61190679,68.62848699
28.62547893,54.08904002
28.63814772,84.35240228
28.6538206,47.12068289
28.65935352,30.72977635
28.66320039,81.4423471
28.67438893,71.83875968
28.68421949,67.060696
28.6940524,61.61726721
28.70412173,48.13815788
28.71047686,72.69630817
28.71063746,61.5403808
28.71341209,38.83754398
28.72095986,48.30435284
28.73126783,89.81394088
28.73955128,56.13241394
28.76670811,70.5613706
28.77145665,54.44491788
28.7839434,34.40728201
28.79464295,81.37462233
28.7957758,73.56503796
28.80027982,61.45699127
28.80207328,88.51747283
28.83040139,67.77277753
28.85849355,83.90948921
28.89180538,69.68200627
28.89468252,43.99817216
28.89830266,57.62490402
28.91695255,45.41011616
28.92302144,50.00156732
28.92900079,86.69536605
28.94528344,34.04191729
28.95185948,39.72273696
28.953128,47.48186981
28.9674436,57.52380389
28.9713234,66.78596661
28.99970951,64.74435507
29.00204763,53.67190857
29.03561298,53.500971
29.04028899,63.27977111
29.05404137,60.00136027
29.05698277,39.05818926
29.06602593,38.73288875
29.07868606,70.93569407
29.0888315,75.61982014
29.08944829,50.71961773
29.09388822,39.00930899
29.10172006,30.76770654
29.10241091,91.2240977
29.12549132,52.96918486
29.13023586,40.60562226
29.14737421,52.92550694
29.14866209,41.94890479
29.16764481,77.36768498
29.16961077,97.30520643
29.19245387,74.76836893
29.1947025,43.37606139
29.20310013,64.39942733
29.20321774,87.25935361
29.23710839,62.24044375
29.24087106,33.95482575
29.24215441,34.83936814
29.24551055,44.09025574
29.25110871,82.32719672
29.25448981,52.99201169
29.26386838,63.35437876
29.26707779,80.48909868
29.26987988,31.46131986
29.27262614,32.17408676
29.29225558,36.25336427
29.29793943,37.99280437
29.30236744,70.36222219
29.31196736,53.50471675
29.34578032,41.1391007
29.35033865,83.22353198
29.35648649,62.39165081
29.36228664,89.4415189
29.3719459,53.06305875
29.38681145,85.04927505
29.41166531,48.52927386
29.41554889,66.53553201
29.41829969,83.08965107
29.42022698,67.53524516
29.42615741,31.51174067
29.43443695,47.51706344
29.43645419,38.36753119
29.43827713,42.68554993
29.44815398,93.16704852
29.45099206,40.62594813
29.4512375,33.71189856
29.45191582,44.10513906
29.46298669,45.60206475
29.47462188,78.54848672
29.47519157,58.48457459
29.4759661,85.50421791
29.47677715,30.27920445
29.48419658,59.57680295
29.48533098,35.09346794
29.51138587,34.69125309
29.51967421,66.21136505
29.56792313,68.06247682
29.58163837,84.1481567
29.59158303,80.12406805
29.59227222,35.53870961
29.59538241,76.67766423
29.59577087,58.74376059
29.59614467,63.92199458
29.60825056,46.02066043
29.60900751,38.46596573
29.6213507,36.13862874
29.62316841,86.35825247
29.63107701,50.76550814
29.63920064,73.12322972
29.66295416,69.32791339
29.67159956,75.5758047
29.68785069,53.61578615
29.69141903,93.9018364
29.70385594,80.42404242
29.7065529,34.61103487
29.73763231,52.5917135
29.74777068,76.12726379
29.75153796,61.83172253
29.76437274,62.0841629
29.76562523,55.09971419
29.76568317,59.81190181
29.77652604,70.01123421
29.78351158,76.08580992
29.81939558,78.88158786
29.82043584,79.72126424
29.82425817,56.70930137
29.82698742,51.79578816
29.8409233,39.63670307
29.847286,61.31038697
29.87598815,60.36146323
29.8790836,36.59367516
29.89429025,44.90354779
29.90882743,79.79890494
29.92161199,91.8267656
29.92864998,65.05924364
29.93667258,48.0114753
29.96021175,76.09865659
29.98023843,72.86384838
29.9813341,83.91820676
29.98429387,34.86525391
29.99005055,82.7233035
29.99155449,63.86865032
30.00291159,57.1600519
30.00523046,62.85127126
30.03756845,47.46296158
30.04908545,79.96138677
30.05731518,31.59454185
30.08830733,38.14571488
30.10691648,36.74310577
30.11285216,82.03105742
30.11854773,31.67227341
30.12031263,69.17728694
30.14980409,64.88821079
30.15141727,82.28620099
30.15290293,34.85401019
30.1592227,92.66688124
30.16273102,57.39969276
30.17624667,41.99860637
30.19555894,51.96884401
30.19952344,73.99546784
30.22080439,88.22901892
30.22544237,31.56038169
30.23549151,86.50117726
30.23658853,40.29542
30.24776358,87.04148807
30.25327198,81.3763699
30.25973809,44.65340861
30.26576427,95.30786451
30.28028405,54.67560032
30.29968192,41.67970571
30.30104954,51.81797154
30.32740188,94.43526469
30.33337345,90.54173642
30.35075119,56.69634831
30.35771576,34.7736727
30.36253669,71.80907469
30.36489024,40.52933999
30.36815875,88.97544751
30.38003569,61.61736078
30.39340417,84.97949478
30.40024033,64.33553407
30.40390363,98.14941776
30.40883364,34.54699512
30.42893162,53.90598
30.42947783,75.28060964
30.42991058,62.34891896
30.4437431,67.15043184
30.45490213,33.5472172
30.4565506,79.206118
30.48234617,36.76491154
30.48576356,43.90433802
30.50479817,53.57625293
30.52762966,82.4475335
30.53540335,63.41731974
30.54091408,81.26143791
30.5435179,90.43399698
30.54849921,63.51754152
30.56344187,43.95845574
30.57160847,50.15476918
30.58647916,87.89639653
30.58699408,43.84996505
30.60515334,53.9664447
30.6205636,53.14353645
30.6217668,41.34488062
30.62717392,50.92324644
30.63025125,56.96927989
30.63352568,58.66494348
30.66885048,54.96200633
30.69939281,66.20865498
30.70074519,50.29297627
30.74222855,65.868658
30.74318675,67.62273684
30.7438285,84.20549742
30.80413394,82.772972
30.80939151,62.1277057
30.82369677,66.75343141
30.84647795,91.3427765
30.84794996,40.45487876
30.8636451,85.06898363
30.86562319,58.29922647
30.86736929,72.07194306
30.92852077,71.90207122
30.93515153,81.7474309
30.93693026,64.78219579
30.93839694,63.56699051
30.94196637,91.77494957
30.94456686,52.68510763
30.94508266,92.33344462
30.94735244,81.62345977
30.95323137,73.98616163
30.96253756,44.67211359
30.97054702,45.85746355
30.97523314,89.92160611
30.98285751,74.23880816
30.98315743,71.88149195
31.00039478,34.06919402
31.00206954,74.16854394
31.01942219,51.50869016
31.03254483,88.70430642
31.04183115,69.63854724
31.05971993,43.31261849
31.0654885,77.76923519
31.0857926,63.63413583
31.09380926,76.23406171
31.10516848,68.56585286
31.11784441,36.74449754
31.13466612,68.46369039
31.13834496,77.95445716
31.15437257,28.82161771
31.17891096,44.80574259
31.1790581,40.99615569
31.18046588,77.081861
31.18065361,50.63809576
31.18719067,36.81550059
31.19141536,70.70540318
31.19473176,52.66527499
31.2233979,38.23978298
31.23871036,79.7840493
31.27878063,94.84464377
31.3096075,57.11004846
31.31292052,70.48041518
31.3285392,58.05908597
31.37437521,35.31621695
31.39225931,90.09571045
31.40508181,65.24786716
31.40821898,48.31521951
31.44876377,70.57028517
31.48497273,63.58976528
31.50870645,75.61643685
31.52170121,57.82950322
31.55154373,59.58637945
31.57457227,63.1048392
31.58557534,65.56073499
31.58697033,87.20143723
31.58798768,64.41016828
31.60652016,47.61765866
31.64097071,72.78101414
31.6446666,33.70682892
31.64576265,88.83180783
31.70225223,60.71451641
31.70230526,41.55666302
31.70737958,31.71444651
31.80329298,54.75286744
31.82070215,79.3342913
31.86424237,48.75819928
31.86829273,60.94128052
31.87219047,54.99706705
31.8743821,66.22674831
31.87853407,81.42525536
31.90045677,83.83078024
31.90727039,40.2186098
31.91079496,89.35499115
31.92136409,81.70928595
31.95103775,75.83858903
31.96001143,79.7109064
31.9623265,59.60995689
31.97841905,56.15485416
31.99677718,84.56014174
32.00799296,44.48218948
32.01684985,33.78437022
32.0467372,93.79103281
32.05229573,33.96509149
32.0546619,60.56666021
32.06110278,64.50220739
32.09801502,47.23766667
32.10252124,92.62594448
32.11184931,45.23710991
32.11374068,53.65168455
32.15683391,32.06966433
32.20058608,85.67471604
32.21816002,40.04219287
32.21882302,88.39302514
32.23488942,94.15907686
32.24249615,44.02729449
32.26233767,49.50822591
32.26630332,36.97009569
32.26692239,93.30329926
32.27911161,35.16125085
32.32088619,35.73315452
32.35585164,73.96334039
32.38270175,84.83630169
32.38765041,67.96614722
32.40831701,32.55974368
32.42058014,46.91304133
32.43623078,38.92556345
32.44931719,49.40682971
32.45363068,73.85385869
32.46344284,66.45035114
32.50379895,84.15989037
32.50666826,72.41982589
32.51699151,86.58886424
32.55577465,43.81149527
32.56724872,70.05693357
32.59641962,33.38964353
32.60658026,63.48888961
32.64234213,72.59722715
32.65375416,75.16271754
32.66183862,31.61792754
32.66716851,49.73730409
32.66863855,43.40371751
32.68965959,40.11835116
32.71054976,68.42424315
32.71621764,68.94499067
32.73752601,91.07372218
32.74510076,50.50052892
32.75250246,93.17469577
32.7708021,30.88977422
32.80755598,72.82955198
32.81706679,32.57180912
32.82762015,88.96808324
32.86509863,31.65405379
32.86993382,85.57296585
32.8872664,89.42506774
32.89786073,92.69046964
32.90270343,49.01998352
32.97252532,82.39804418
32.99323585,55.72610171
33.03672788,71.6660463
33.06110314,60.08705538
33.06139129,60.82293228
33.06855635,81.05570734
33.07687845,65.04947571
33.07791412,58.5162106
33.08606287,46.34735867
33.12339229,64.27135526
33.14198312,78.5399532
33.16715766,83.87514897
33.19558403,77.87417674
33.19982265,61.66244738
33.2100758,81.39680012
33.21336477,52.61341225
33.30629607,68.6558796
33.30735083,51.36551658
33.34952252,69.56010285
33.36286193,77.09340852
33.36726045,41.64279705
33.37246217,44.08234006
33.38850407,78.89938276
33.41963846,84.77469916
33.42507139,32.4294097
33.4752552,60.81617963
33.49978687,35.04920454
33.51107472,71.82059422
33.55306686,60.83170919
33.5585424,73.87418113
33.59688953,38.33027575
33.63481926,68.39401846
33.63771585,85.7180417
33.662575,55.6541152
33.67981902,85.77448066
33.69449832,46.65708488
33.74788372,79.50975057
33.74791952,38.37357481
33.77737849,30.17142889
33.79310242,36.07194431
33.86125798,68.31855711
33.87655446,57.80664099
33.97278932,90.87847019
33.97605678,44.51828219
33.97938837,92.35181061
33.98843263,88.60256052
34.00255591,53.34480112
34.00470216,87.23971157
34.02174055,48.12262504
34.04653175,34.80224831
34.13004857,74.12057421
34.19091838,62.18603333
34.23318498,88.23659536
34.23353663,91.39980274
34.27046283,69.12531626
34.35482588,37.68811354
34.36648888,66.76924671
34.40578535,88.57013467
34.42293153,69.19886711
34.49940967,62.308855
34.50595343,60.21939302
34.57015677,84.01626985
34.694645,64.91040164
34.77078717,32.54405017
34.79173727,56.00368454
34.81293595,31.06152661
34.88220292,45.44304867
34.93530556,27.79137705
34.96257677,37.64927954
34.97833745,44.00610475
35.03046444,70.07123984
35.05102269,91.83008983
35.06135223,31.67647039
35.06693624,70.91622312
35.1180311,47.66895737
35.12154812,48.16692177
35.28103565,72.12656174
35.28271782,36.97926668
35.28747735,67.19381493
35.30751788,70.76764513
35.3126246,65.62465877
35.37041335,55.86189602
35.37630436,84.59168555
35.38373992,82.52939337
35.44187352,81.99492948
35.44221386,35.93771101
35.44769361,48.75990072
35.49860895,46.29431115
35.71135179,84.22772473
35.72574564,79.5267697
35.78654107,73.33863721
35.81627362,88.71054654
35.82501172,71.3344665
35.85471359,60.27902263
36.05261501,79.0964623
36.15650073,57.65464187
36.26217903,79.82698872
36.45471286,80.82204037
36.49449062,92.52500393
36.5966477,77.76591034
36.81936247,39.65401592
37.01707793,82.72518896
37.06307711,50.04908088
37.13358243,37.81215509
37.19876203,81.22170754
37.2765007,91.92091997
37.46499759,74.43214177
37.63466213,89.61194964
37.79099643,69.5428301
37.89854669,77.29044843
37.94781821,62.20010221
38.00841557,72.28665019
38.10396546,36.52953834
38.22171674,55.19220188
38.79830019,52.46939429
39.74547213,39.23305891
39.92629501,36.87235285
40.54959278,44.38295271
40.68874267,53.49341039
40.96553784,63.16588284
